Année;Mois;Jour;Heure;Minute;Jour Semaine;langue;Nombre de mots du message;Reponse ?;Mot_frequent_1;Freq_dist_1;Mot_frequent_2;Freq_dist_2;Mot_frequent_3;Freq_dist_3;Mot_frequent_4;Freq_dist_4;Mot_frequent_5;Freq_dist_5;Mots_rares_1;Mots_rares_2;Mots_rares_3;Mots_rares_4;Mots_rares_5;Catégorie;Sentiment_neg;Sentiment_pos;Sentiment_neu;Sentiment_global;datetime
2009;2;11;22;27;Wednesday;British English;497;False;the;34;to;26;a;16;of;15;it;10;developed;new;open;source;called;technique;0,067;0,196;0,737;0,9973;2009-02-11 22:27:00
2009;2;15;16;42;Sunday;British English;82;False;the;6;only;3;that;3;a;3;of;3;could;talking;about;old;chaumian;communauté;0,143;0,08;0,778;-0,7783;2009-02-15 16:42:00
2009;2;18;20;50;Wednesday;British English;260;False;the;22;to;13;a;9;of;9;value;7;global;distributed;with;additions;database;économie;0,049;0,171;0,779;0,9844;2009-02-18 20:50:00
2009;11;22;18;4;Sunday;British English;27;False;to;2;the;2;forum;2;here;2;welcome;1;welcome;the;new;bitcoin;old;technique;0,0;0,164;0,836;0,5707;2009-11-22 18:04:00
2009;11;22;18;31;Sunday;British English;260;True;the;29;to;11;when;10;you;8;bitcoin;6;perspective;maturation;process;be;broken;technique;0,051;0,061;0,888;0,168;2009-11-22 18:31:00
2009;11;22;18;32;Sunday;British English;25;True;make;2;this;2;anonymous;2;to;2;request;1;of;there;any;plans;service;technique;0,0;0,0;1,0;0,0;2009-11-22 18:32:00
2009;11;22;18;34;Sunday;British English;239;True;the;17;to;16;it;10;you;8;block;8;important;connectivity;while;trying;coin;technique;0,099;0,058;0,843;-0,8566;2009-11-22 18:34:00
2009;11;22;18;35;Sunday;British English;39;True;a;2;proxy;2;in;2;there;1;will;1;there;will;be;setting;version;autres;0,06;0,097;0,844;0,128;2009-11-22 18:35:00
2009;11;25;18;15;Wednesday;British English;83;True;to;5;which;4;bitcoins;3;the;3;bitcoin;3;anonymous;on;from;or;coins;technique;0,035;0,0;0,965;-0,4329;2009-11-25 18:15:00
2009;11;25;18;17;Wednesday;British English;469;True;to;27;the;24;you;17;bitcoin;16;address;15;coins;being;do;blocks;have;technique;0,011;0,033;0,956;0,8559;2009-11-25 18:17:00
2009;11;27;17;17;Friday;British English;27;True;scott;1;compileposted;1;thu;1;of;1;oct;1;of;we;get;instructions;or;technique;0,0;0,141;0,859;0,6249;2009-11-27 17:17:00
2009;11;27;17;27;Friday;British English;41;True;the;4;linux;2;version;2;is;2;on;2;its;port;was;merged;into;politique;0,0;0,078;0,922;0,5267;2009-11-27 17:27:00
2009;11;27;22;48;Friday;British English;93;False;the;6;to;5;for;4;in;4;on;3;hard;improvements;next;martti;added;communauté;0,014;0,175;0,812;0,9401;2009-11-27 22:48:00
2009;12;9;18;45;Wednesday;British English;434;True;the;25;to;16;a;13;be;10;with;8;helpful;madhatter;december;when;bitcoin;technique;0,013;0,083;0,905;0,9823;2009-12-09 18:45:00
2009;12;10;19;31;Thursday;British English;345;True;to;12;the;11;i;10;on;8;be;8;quote;december;pmfront;ends;ran;technique;0,068;0,088;0,843;0,7269;2009-12-10 19:31:00
2009;12;10;20;49;Thursday;British English;315;True;the;21;it;14;to;9;you;8;is;8;level;anonymity;through;possible;weeks;technique;0,055;0,055;0,89;0,2492;2009-12-10 20:49:00
2009;12;11;17;58;Friday;British English;71;True;the;6;to;5;address;5;that;4;bitcoin;3;you;are;whoever;answers;plan;technique;0,0;0,053;0,947;0,4019;2009-12-11 17:58:00
2009;12;11;19;27;Friday;British English;368;True;the;21;to;15;a;15;it;8;have;8;has;which;also;built;been;technique;0,046;0,081;0,873;0,8741;2009-12-11 19:27:00
2009;12;12;17;52;Saturday;British English;92;True;the;6;to;4;machines;3;get;3;a;3;average;total;generated;across;network;technique;0,019;0,137;0,843;0,8911;2009-12-12 17:52:00
2009;12;12;18;17;Saturday;British English;300;True;the;11;a;10;i;9;it;9;is;8;quote;december;ami;almost;svn;technique;0,025;0,057;0,919;0,8188;2009-12-12 18:17:00
2009;12;13;16;51;Sunday;British English;124;True;to;7;it;7;be;4;a;4;is;4;switch;at;runtime;tell;run;économie;0,085;0,093;0,823;0,2723;2009-12-13 16:51:00
2009;12;14;17;15;Monday;British English;280;True;the;10;to;9;is;8;and;8;os;8;quote;december;pmcan;anyone;shed;communauté;0,033;0,055;0,912;0,5571;2009-12-14 17:15:00
2009;12;15;20;37;Tuesday;British English;111;True;the;9;i;4;on;3;is;3;something;3;quote;december;amit;also;throwing;technique;0,043;0,022;0,935;-0,3094;2009-12-15 20:37:00
2009;12;16;22;45;Wednesday;British English;94;False;for;7;the;4;version;3;new;3;and;3;bitcoin;is;featuresmartti;minimize;system;technique;0,027;0,139;0,833;0,8955;2009-12-16 22:45:00
2009;12;17;18;38;Thursday;British English;45;True;is;3;i;3;the;3;that;2;it;2;running;fine;committed;changes;to;autres;0,06;0,137;0,803;0,4228;2009-12-17 18:38:00
2009;12;18;17;37;Friday;British English;147;True;the;8;it;7;to;6;on;6;you;3;what;currently;set;then;run;technique;0,014;0,031;0,956;0,1124;2009-12-18 17:37:00
2010;1;5;20;0;Tuesday;British English;241;True;the;20;to;9;transaction;9;it;8;that;6;transfer;immediate;ip;bitcoin;address;technique;0,112;0,021;0,866;-0,9694;2010-01-05 20:00:00
2010;1;14;20;17;Thursday;British English;83;True;a;6;it;4;i;3;in;2;and;2;tried;compiling;make;any;since;autres;0,045;0,032;0,923;-0,2617;2010-01-14 20:17:00
2010;1;20;20;7;Wednesday;British English;71;True;you;5;the;4;connections;4;if;3;that;3;coins;generate;at;same;speed;technique;0,0;0,131;0,869;0,7549;2010-01-20 20:07:00
2010;1;20;22;5;Wednesday;British English;84;True;to;6;for;3;a;3;the;3;tor;3;been;thinking;about;that;i;communauté;0,0;0,12;0,88;0,802;2010-01-20 22:05:00
2010;1;27;21;52;Wednesday;British English;209;True;to;10;it;9;you;8;the;8;a;6;what;happens;files;second;they;technique;0,046;0,068;0,886;0,5914;2010-01-27 21:52:00
2010;1;28;1;1;Thursday;British English;115;True;the;10;it;5;to;5;and;3;be;3;technical;sending;by;bitcoin;address;technique;0,077;0,015;0,907;-0,8151;2010-01-28 01:01:00
2010;1;28;1;8;Thursday;British English;31;True;it;2;the;2;you;2;where;1;says;1;where;says;in;status;column;technique;0,061;0,0;0,939;-0,2263;2010-01-28 01:08:00
2010;1;28;23;8;Thursday;British English;142;True;the;11;spent;6;wallet;5;to;5;resync;4;idea;go;through;check;against;technique;0,049;0,029;0,922;-0,4548;2010-01-28 23:08:00
2010;1;28;23;26;Thursday;British English;79;True;the;7;to;6;it;4;that;3;a;3;right;way;do;as;rix;technique;0,0;0,078;0,922;0,6249;2010-01-28 23:26:00
2010;1;29;0;22;Friday;British English;214;True;the;22;to;12;a;8;it;7;for;5;recommended;ways;payment;static;creates;technique;0,018;0,041;0,941;0,5994;2010-01-29 00:22:00
2010;1;29;0;42;Friday;British English;171;True;wxwidgets;9;i;6;the;6;of;5;is;5;committed;fix;some;fixes;support;communauté;0,101;0,044;0,855;-0,9038;2010-01-29 00:42:00
2010;2;3;23;29;Wednesday;British English;91;True;it;6;i;3;the;3;spent;3;and;3;uploaded;this;fix;watches;for;technique;0,036;0,068;0,896;0,4404;2010-02-03 23:29:00
2010;2;3;23;36;Wednesday;British English;7;True;thanks;1;for;1;that;1;which;1;version;1;thanks;for;which;version;of;autres;0,0;0,326;0,674;0,4404;2010-02-03 23:36:00
2010;2;4;0;7;Thursday;British English;176;True;to;10;that;7;a;6;the;6;computer;5;forwarding;forwards;one;tells;router;technique;0,053;0,07;0,877;0,4804;2010-02-04 00:07:00
2010;2;4;0;30;Thursday;British English;246;True;it;19;to;8;and;6;irc;4;the;4;one;attempt;then;give;since;technique;0,025;0,04;0,935;0,5998;2010-02-04 00:30:00
2010;2;5;19;19;Friday;British English;265;False;the;13;difficulty;9;it;6;to;6;of;4;had;our;first;automatic;minimum;technique;0,129;0,028;0,843;-0,9781;2010-02-05 19:19:00
2010;2;5;19;44;Friday;British English;90;True;the;8;a;6;and;3;to;3;you;3;quote;sabunir;on;february;pmperhaps;technique;0,08;0,036;0,884;-0,4685;2010-02-05 19:44:00
2010;2;6;21;6;Saturday;British English;126;True;you;14;to;6;the;6;a;4;send;3;bitcoin;same;way;relay;no;technique;0,038;0,023;0,939;0,0459;2010-02-06 21:06:00
2010;2;6;23;25;Saturday;British English;110;True;the;7;it;6;decimal;5;for;3;if;3;eventually;at;most;only;million;économie;0,0;0,016;0,984;0,1786;2010-02-06 23:25:00
2010;2;8;1;22;Monday;British English;105;True;the;9;in;4;to;3;is;3;a;3;been;meaning;redo;largest;still;technique;0,094;0,092;0,814;0,4317;2010-02-08 01:22:00
2010;2;8;1;27;Monday;British English;85;False;to;5;you;3;the;3;is;3;for;2;thank;offer;help;probably;best;communauté;0,0;0,172;0,828;0,9377;2010-02-08 01:27:00
2010;2;8;16;10;Monday;British English;141;False;the;13;to;5;a;4;and;4;file;4;easier;single;binary;multiple;too;communauté;0,032;0,088;0,881;0,7311;2010-02-08 16:10:00
2010;2;8;16;37;Monday;British English;107;True;to;11;you;7;connect;6;the;6;server;4;there;are;command;line;tell;technique;0,018;0,023;0,959;0,1531;2010-02-08 16:37:00
2010;2;12;2;33;Friday;British English;125;True;the;9;you;5;on;4;version;4;a;3;are;just;trying;program;do;technique;0,009;0,018;0,973;0,2707;2010-02-12 02:33:00
2010;2;12;3;8;Friday;British English;74;True;the;7;transaction;3;that;3;it;3;fee;2;a;small;for;very;large;technique;0,038;0,03;0,932;-0,1531;2010-02-12 03:08:00
2010;2;12;15;57;Friday;British English;91;True;to;5;the;4;a;3;on;2;you;2;quote;soultcer;february;pmif;provide;technique;0,062;0,04;0,898;-0,4515;2010-02-12 15:57:00
2010;2;12;17;28;Friday;British English;59;True;the;5;of;3;network;3;by;2;tor;2;sending;ip;through;trades;one;technique;0,043;0,045;0,912;0,0258;2010-02-12 17:28:00
2010;2;13;1;38;Saturday;British English;121;True;the;9;on;8;wxwidgets;4;to;3;with;3;get;compile;been;compiling;latest;autres;0,0;0,026;0,974;0,2732;2010-02-13 01:38:00
2010;2;14;6;28;Sunday;British English;185;True;the;14;to;6;a;6;fee;5;of;5;quote;theymos;amdoes;client;send;technique;0,016;0,088;0,896;0,9101;2010-02-14 06:28:00
2010;2;14;15;52;Sunday;British English;61;True;the;3;a;2;there;2;be;2;reward;2;otherwise;we;have;finite;limit;technique;0,033;0,145;0,822;0,8176;2010-02-14 15:52:00
2010;2;15;6;28;Monday;British English;50;True;in;2;times;2;days;2;another;1;big;1;big;jump;difficulty;yesterday;from;autres;0,082;0,044;0,875;-0,25;2010-02-15 06:28:00
2010;2;16;1;34;Tuesday;British English;155;True;the;11;to;8;you;5;of;5;that;4;right;now;there;number;setting;technique;0,016;0,031;0,952;0,5111;2010-02-16 01:34:00
2010;2;16;17;36;Tuesday;British English;167;True;the;7;as;6;of;5;to;5;it;4;quote;suggester;on;february;i;technique;0,09;0,019;0,89;-0,9202;2010-02-16 17:36:00
2010;2;17;17;58;Wednesday;British English;137;True;it;5;to;5;the;4;from;3;on;3;quote;perhaps;has;do;with;technique;0,103;0,051;0,846;-0,7526;2010-02-17 17:58:00
2010;2;17;19;19;Wednesday;British English;173;True;the;17;to;5;in;5;and;5;it;5;i;updated;svn;with;changes;technique;0,02;0,102;0,878;0,9226;2010-02-17 19:19:00
2010;2;21;3;43;Sunday;British English;154;True;of;8;the;7;nodes;6;to;6;you;6;stop;trying;initiate;once;they;technique;0,045;0,047;0,908;-0,1793;2010-02-21 03:43:00
2010;2;21;4;19;Sunday;British English;87;False;to;6;be;5;a;4;it;3;you;3;would;nice;list;of;new;technique;0,0;0,098;0,902;0,7644;2010-02-21 04:19:00
2010;2;21;5;44;Sunday;British English;172;True;the;20;of;7;cost;7;price;6;is;6;excellent;rational;for;something;already;économie;0,013;0,142;0,845;0,9674;2010-02-21 05:44:00
2010;2;21;21;48;Sunday;British English;124;False;to;8;the;8;address;4;of;3;it;3;uploaded;changes;svn;as;version;technique;0,023;0,07;0,907;0,7125;2010-02-21 21:48:00
2010;2;23;0;49;Tuesday;British English;105;True;the;10;next;5;to;4;one;4;days;3;just;a;random;streak;bad;autres;0,107;0,072;0,821;-0,4397;2010-02-23 00:49:00
2010;2;23;1;16;Tuesday;British English;107;True;it;5;on;4;now;3;and;3;working;3;there;tabs;address;your;addresses;autres;0,016;0,072;0,912;0,7269;2010-02-23 01:16:00
2010;2;23;16;26;Tuesday;British English;162;True;a;9;the;7;to;7;you;5;that;5;separate;keypair;for;single;private;technique;0,059;0,0;0,941;-0,8126;2010-02-23 16:26:00
2010;2;23;16;53;Tuesday;British English;34;True;on;2;quote;1;from;1;xunie;1;february;1;quote;xunie;february;startand;it;autres;0,0;0,083;0,917;0,4574;2010-02-23 16:53:00
2010;2;23;22;15;Tuesday;British English;197;False;the;11;a;7;command;7;and;5;it;5;version;svn;now;controlled;linux;technique;0,0;0,065;0,935;0,9186;2010-02-23 22:15:00
2010;2;23;22;24;Tuesday;British English;66;True;it;4;to;4;the;3;generated;2;address;2;quote;newlibertystandard;on;february;pmare;technique;0,0;0,044;0,956;0,4404;2010-02-23 22:24:00
2010;2;24;5;57;Wednesday;British English;28;True;a;3;and;2;that;1;would;1;be;1;that;would;be;nice;at;technique;0,0;0,104;0,896;0,4215;2010-02-24 05:57:00
2010;2;24;6;17;Wednesday;British English;111;True;to;7;it;4;have;3;with;3;gtk;3;quote;theymos;amquote;satoshi;pmon;technique;0,074;0,01;0,917;-0,8095;2010-02-24 06:17:00
2010;2;24;21;24;Wednesday;British English;54;False;the;4;full;2;sizes;2;i;2;public;2;new;what;do;you;better;technique;0,0;0,06;0,94;0,504;2010-02-24 21:24:00
2010;2;24;21;53;Wednesday;British English;29;True;gpl;3;it;2;if;1;you;1;stuff;1;if;you;i;have;to;technique;0,048;0,196;0,755;0,7096;2010-02-24 21:53:00
2010;2;24;22;8;Wednesday;British English;62;True;memory;3;a;3;the;3;and;2;usage;2;when;how;fast;did;right;autres;0,08;0,036;0,884;-0,4137;2010-02-24 22:08:00
2010;2;24;22;42;Wednesday;British English;13;True;the;2;automatic;1;adjustment;1;happened;1;earlier;1;automatic;adjustment;happened;earlier;updated;autres;0,0;0,0;1,0;0,0;2010-02-24 22:42:00
2010;2;25;1;56;Thursday;British English;57;True;on;2;the;2;larger;2;size;2;i;2;quote;sabunir;february;ami;like;autres;0,0;0,093;0,907;0,5187;2010-02-25 01:56:00
2010;2;25;22;54;Thursday;British English;194;True;and;8;the;7;we;6;in;5;to;4;made;build;target;links;wxbase;technique;0,055;0,062;0,883;0,0942;2010-02-25 22:54:00
2010;2;25;23;6;Thursday;British English;55;True;the;4;is;2;time;2;it;2;difficulty;2;formula;based;on;takes;to;autres;0,15;0,091;0,759;-0,3612;2010-02-25 23:06:00
2010;2;26;16;29;Friday;British English;58;True;db;3;is;2;on;2;i;2;get;2;move;it;inside;the;linked;autres;0,048;0,0;0,952;-0,4215;2010-02-26 16:29:00
2010;2;26;23;17;Friday;British English;142;True;the;16;it;6;slightly;4;that;4;a;4;good;made;lighter;background;very;autres;0,055;0,04;0,906;0,1456;2010-02-26 23:17:00
2010;2;26;23;48;Friday;British English;60;True;you;3;using;2;wxwidgets;2;the;2;to;2;are;i;recommend;anything;other;technique;0,034;0,091;0,875;0,3591;2010-02-26 23:48:00
2010;2;27;4;28;Saturday;British English;101;True;the;5;and;3;to;3;i;3;original;3;quote;cdecker;february;amhow;about;autres;0,053;0,125;0,822;0,7964;2010-02-27 04:28:00
2010;2;27;21;22;Saturday;British English;209;True;the;11;we;8;on;6;and;5;of;4;quote;cdecker;february;pmlooking;appears;autres;0,053;0,013;0,934;-0,7466;2010-02-27 21:22:00
2010;3;2;2;33;Tuesday;British English;23;True;the;4;full;2;size;2;to;2;we;1;we;have;standard;icon;and;autres;0,0;0,116;0,884;0,4404;2010-03-02 02:33:00
2010;3;3;4;28;Wednesday;British English;101;True;the;9;exchange;4;to;4;payment;4;be;3;when;enough;maybe;there;can;technique;0,0;0,072;0,928;0,7579;2010-03-03 04:28:00
2010;3;5;1;46;Friday;British English;88;True;on;4;of;4;is;3;bit;3;it;3;quote;february;pmthis;when;i;technique;0,035;0,02;0,944;-0,3182;2010-03-05 01:46:00
2010;3;15;18;44;Monday;British English;138;True;the;9;to;6;priorities;4;for;4;threads;4;sets;different;each;generate;other;économie;0,016;0,108;0,876;0,913;2010-03-15 18:44:00
2010;3;15;19;16;Monday;British English;206;False;to;12;it;8;for;8;and;7;the;6;when;embed;forum;because;number;autres;0,09;0,189;0,721;0,979;2010-03-15 19:16:00
2010;3;16;19;48;Tuesday;British English;245;True;the;10;we;9;irc;7;a;7;to;6;thanks;soultcer;talking;with;freenode;technique;0,009;0,158;0,833;0,9881;2010-03-16 19:48:00
2010;3;16;20;17;Tuesday;British English;106;True;to;5;the;4;a;3;could;3;there;2;great;thriving;business;in;those;technique;0,0;0,112;0,888;0,9063;2010-03-16 20:17:00
2010;3;23;15;22;Tuesday;British English;46;True;it;3;there;2;of;2;is;2;be;2;anything;when;i;price;registrations;économie;0,046;0,06;0,894;0,1779;2010-03-23 15:22:00
2010;3;23;17;35;Tuesday;British English;133;True;to;11;would;5;the;5;and;4;buy;4;pecunix;have;many;established;exchanges;technique;0,023;0,212;0,765;0,9801;2010-03-23 17:35:00
2010;3;24;18;1;Wednesday;British English;40;True;you;4;the;3;best;2;one;2;title;1;title;helps;that;we;have;autres;0,0;0,237;0,763;0,8705;2010-03-24 18:01:00
2010;3;24;18;2;Wednesday;British English;312;True;the;17;a;12;to;12;it;11;hosting;7;mihalism;multi;host;popular;open;technique;0,039;0,177;0,785;0,9947;2010-03-24 18:02:00
2010;5;16;21;1;Sunday;British English;49;True;it;4;you;2;generate;2;a;2;new;2;when;bitcoin;only;takes;disk;technique;0,0;0,199;0,801;0,8662;2010-05-16 21:01:00
2010;5;16;21;37;Sunday;British English;53;True;the;6;a;3;to;3;on;2;ip;2;quote;xunie;may;pmi;suggest;communauté;0,079;0,177;0,744;0,7016;2010-05-16 21:37:00
2010;5;16;22;37;Sunday;British English;235;True;the;14;it;10;to;7;on;5;http;5;quote;karmicads;freenet;uri;you;technique;0,005;0,067;0,929;0,9153;2010-05-16 22:37:00
2010;5;16;22;53;Sunday;British English;71;True;it;4;i;4;fail;3;pkey;3;time;2;does;happen;every;time;you;autres;0,05;0,107;0,843;0,4723;2010-05-16 22:53:00
2010;5;16;23;34;Sunday;British English;182;True;to;12;the;10;you;5;a;5;address;5;generate;must;show;ownership;anything;technique;0,012;0,096;0,892;0,9109;2010-05-16 23:34:00
2010;5;16;23;56;Sunday;British English;98;True;to;7;the;5;incoming;4;port;4;you;4;at;always;assumes;is;so;technique;0,0;0,083;0,917;0,8126;2010-05-16 23:56:00
2010;5;18;2;58;Tuesday;British English;136;True;the;7;const;6;to;6;build;5;and;4;little;but;case;anyone;else;technique;0,135;0,023;0,842;-0,9481;2010-05-18 02:58:00
2010;5;18;20;6;Tuesday;British English;321;True;the;20;and;13;to;12;is;10;a;9;so;much;verifying;signatures;blocks;technique;0,032;0,098;0,87;0,9767;2010-05-18 20:06:00
2010;5;20;21;43;Thursday;British English;89;True;it;4;a;3;that;3;to;3;on;2;quote;datawraith;may;pmcan;just;technique;0,012;0,012;0,975;0,0;2010-05-20 21:43:00
2010;5;26;18;27;Wednesday;British English;373;False;to;14;you;14;the;11;if;8;user;7;added;related;help;managing;per;communauté;0,008;0,085;0,906;0,9827;2010-05-26 18:27:00
2010;5;26;18;51;Wednesday;British English;149;True;the;9;to;6;address;6;a;5;on;4;quote;xunie;may;force;use;communauté;0,019;0,057;0,924;0,6966;2010-05-26 18:51:00
2010;5;26;20;9;Wednesday;British English;186;True;the;8;of;7;getallreceived;5;for;5;you;5;quote;molybdenum;may;pman;optional;technique;0,026;0,047;0,927;0,4118;2010-05-26 20:09:00
2010;5;26;20;34;Wednesday;British English;95;True;the;7;you;7;it;3;download;3;that;3;does;in;fact;then;counter;technique;0,118;0,045;0,837;-0,7582;2010-05-26 20:34:00
2010;5;26;21;16;Wednesday;British English;50;True;to;4;the;3;translate;2;it;2;have;2;does;anyone;want;bitcoin;client;technique;0,063;0,133;0,804;0,4588;2010-05-26 21:16:00
2010;5;26;21;34;Wednesday;British English;71;True;the;7;transaction;5;fee;5;a;3;it;3;in;svn;if;requires;over;technique;0,02;0,094;0,886;0,6369;2010-05-26 21:34:00
2010;5;27;14;18;Thursday;British English;18;True;to;2;hurray;1;we;1;have;1;our;1;we;have;our;first;i;autres;0,0;0,2;0,8;0,6114;2010-05-27 14:18:00
2010;6;2;18;18;Wednesday;British English;165;True;the;10;to;8;it;7;be;7;for;6;current;by;very;connects;so;technique;0,024;0,119;0,857;0,9488;2010-06-02 18:18:00
2010;6;2;18;45;Wednesday;British English;69;True;to;3;that;2;a;2;in;2;the;2;good;not;sure;where;exactly;communauté;0,102;0,09;0,808;-0,2218;2010-06-02 18:45:00
2010;6;2;22;18;Wednesday;British English;10;True;i;1;uploaded;1;the;1;complete;1;dutch;1;i;uploaded;the;complete;dutch;autres;0,0;0,285;0,715;0,4926;2010-06-02 22:18:00
2010;6;14;18;13;Monday;British English;181;True;the;14;of;7;to;7;it;6;nodes;6;bitcoin;its;own;distributed;address;technique;0,109;0,046;0,845;-0,924;2010-06-14 18:13:00
2010;6;14;19;53;Monday;British English;284;True;the;19;to;13;a;11;that;7;would;7;sirarthur;has;good;point;about;technique;0,043;0,062;0,895;0,0871;2010-06-14 19:53:00
2010;6;14;20;39;Monday;British English;126;True;the;9;to;6;hash;6;a;5;new;4;is;very;not;like;incremental;technique;0,131;0,132;0,737;0,049;2010-06-14 20:39:00
2010;6;14;22;21;Monday;British English;25;True;you;2;the;2;nothing;1;if;1;sending;1;if;sending;by;bitcoin;it;technique;0,084;0,0;0,916;-0,296;2010-06-14 22:21:00
2010;6;14;22;40;Monday;British English;12;True;sorry;1;i;1;did;1;test;1;compile;1;i;test;compile;on;linux;autres;0,115;0,0;0,885;-0,0772;2010-06-14 22:40:00
2010;6;15;23;41;Tuesday;British English;140;True;the;9;to;6;transactions;5;block;5;is;4;quote;theymos;june;pmadding;ratethe;technique;0,133;0,035;0,833;-0,8912;2010-06-15 23:41:00
2010;6;16;0;15;Wednesday;British English;98;True;the;4;is;4;address;4;a;3;bitcoin;3;long;already;doing;typing;for;technique;0,025;0,066;0,91;0,6224;2010-06-16 00:15:00
2010;6;16;16;53;Wednesday;British English;17;True;is;2;thanks;1;datawraith;1;the;1;german;1;thanks;the;german;translation;uploaded;autres;0,0;0,342;0,658;0,807;2010-06-16 16:53:00
2010;6;17;17;7;Thursday;British English;78;True;and;6;a;4;to;3;we;3;i;2;working;on;getting;version;released;autres;0,0;0,0;1,0;0,0;2010-06-17 17:07:00
2010;6;17;18;46;Thursday;British English;342;True;the;18;a;13;to;12;of;11;that;7;nature;such;once;core;set;technique;0,036;0,081;0,882;0,8588;2010-06-17 18:46:00
2010;6;18;16;17;Friday;British English;368;True;the;18;it;12;a;11;of;11;and;10;massive;development;maintenance;hassle;hard;technique;0,071;0,102;0,827;0,9246;2010-06-18 16:17:00
2010;6;18;17;28;Friday;British English;93;True;to;6;the;5;it;4;that;3;of;3;svn;version;uses;irc;if;technique;0,055;0,0;0,945;-0,6326;2010-06-18 17:28:00
2010;6;18;23;8;Friday;British English;96;True;to;8;it;6;the;4;a;3;should;3;excellent;choice;of;first;nice;communauté;0,014;0,172;0,815;0,936;2010-06-18 23:08:00
2010;6;21;17;20;Monday;British English;136;True;the;8;it;7;on;3;all;3;of;3;quote;newlibertystandard;may;pmbitcoin;looks;technique;0,016;0,021;0,963;0,1655;2010-06-21 17:20:00
2010;6;21;17;48;Monday;British English;132;True;to;7;more;5;a;5;coins;4;of;4;only;everyone;worth;slightly;think;communauté;0,125;0,011;0,865;-0,9268;2010-06-21 17:48:00
2010;6;21;18;9;Monday;British English;70;True;the;6;hashmeter;5;generated;4;i;2;it;2;i;integrated;idea;into;svn;communauté;0,0;0,0;1,0;0,0;2010-06-21 18:09:00
2010;6;22;3;45;Tuesday;British English;62;True;it;8;the;3;on;2;taskbar;2;button;2;ubuntu;remove;so;i;made;communauté;0,117;0,03;0,853;-0,5547;2010-06-22 03:45:00
2010;6;22;4;1;Tuesday;British English;26;False;on;2;to;2;is;2;i;1;finished;1;i;finished;everything;my;list;autres;0,0;0,201;0,799;0,7003;2010-06-22 04:01:00
2010;6;22;4;35;Tuesday;British English;88;True;as;4;a;4;does;3;cpu;3;hashing;2;noticed;that;performance;vary;between;autres;0,0;0,051;0,949;0,5267;2010-06-22 04:35:00
2010;6;22;16;39;Tuesday;British English;31;True;to;3;it;2;i;2;that;2;too;1;too;late;now;for;feature;autres;0,0;0,0;1,0;0,0;2010-06-22 16:39:00
2010;6;22;16;51;Tuesday;British English;50;True;to;3;the;3;it;3;user;2;every;2;certainly;too;trivial;clutter;attention;communauté;0,021;0,134;0,845;0,7096;2010-06-22 16:51:00
2010;6;22;17;2;Tuesday;British English;75;True;the;4;be;3;to;3;would;2;is;2;quote;lachesis;on;june;amit;autres;0,04;0,06;0,9;0,1436;2010-06-22 17:02:00
2010;6;22;17;37;Tuesday;British English;36;True;for;2;to;2;here;1;windows;1;testing;1;windows;see;only;download;this;technique;0,052;0,048;0,9;-0,0418;2010-06-22 17:37:00
2010;6;22;19;11;Tuesday;British English;72;True;that;4;it;3;the;3;directory;3;with;3;quote;davidonpda;on;june;fatal;technique;0,136;0,0;0,864;-0,8645;2010-06-22 19:11:00
2010;6;22;19;25;Tuesday;British English;20;True;appdata;3;davidonpda;1;were;1;you;1;also;1;were;you;also;running;build;technique;0,0;0,0;1,0;0,0;2010-06-22 19:25:00
2010;6;22;19;46;Tuesday;British English;226;True;the;17;files;7;you;6;if;6;it;5;figured;out;faster;than;i;technique;0,106;0,097;0,797;-0,6554;2010-06-22 19:46:00
2010;6;22;22;23;Tuesday;British English;39;True;that;2;increase;2;to;2;laszlo;1;figured;1;laszlo;figured;out;enabling;some;autres;0,0;0,162;0,838;0,6794;2010-06-22 22:23:00
2010;6;24;17;40;Thursday;British English;77;True;to;4;for;3;the;3;you;3;removed;2;linux;see;contains;both;added;autres;0,027;0,064;0,909;0,4588;2010-06-24 17:40:00
2010;6;25;2;17;Friday;British English;169;True;on;8;the;7;it;7;a;6;version;6;experience;knows;how;install;library;autres;0,038;0,087;0,875;0,8557;2010-06-25 02:17:00
2010;6;25;14;10;Friday;British English;79;True;the;4;a;3;from;3;to;3;linux;3;thanks;perfect;windows;probably;newer;autres;0,0;0,132;0,868;0,8625;2010-06-25 14:10:00
2010;6;25;21;15;Friday;British English;74;True;without;5;irc;5;it;5;can;3;a;2;we;need;more;details;about;technique;0,0;0,051;0,949;0,5927;2010-06-25 21:15:00
2010;6;25;22;40;Friday;British English;82;True;it;5;on;2;irc;2;can;2;use;2;quote;laszlo;june;pmi;run;communauté;0,0;0,172;0,828;0,9367;2010-06-25 22:40:00
2010;6;26;0;32;Saturday;British English;20;True;lets;1;try;1;using;1;laszlo;1;instead;1;lets;try;using;instead;of;autres;0,0;0,0;1,0;0,0;2010-06-26 00:32:00
2010;6;26;14;28;Saturday;British English;43;True;freenode;2;is;2;of;2;too;1;visible;1;too;right;in;the;middle;autres;0,0;0,147;0,853;0,6908;2010-06-26 14:28:00
2010;6;26;15;10;Saturday;British English;40;True;the;3;menu;3;of;2;with;2;you;2;first;panel;status;bar;is;autres;0,0;0,121;0,879;0,6249;2010-06-26 15:10:00
2010;6;26;17;2;Saturday;British English;15;False;is;1;it;1;about;1;time;1;we;1;is;it;about;time;we;autres;0,172;0,0;0,828;-0,4019;2010-06-26 17:02:00
2010;6;26;19;21;Saturday;British English;13;True;removed;2;changed;1;the;1;version;1;number;1;changed;the;version;number;to;autres;0,0;0,098;0,902;0,0772;2010-06-26 19:21:00
2010;6;26;20;58;Saturday;British English;191;True;a;9;to;5;app;5;there;4;the;4;quote;june;pmyou;course;use;économie;0,024;0,101;0,875;0,9364;2010-06-26 20:58:00
2010;6;26;21;6;Saturday;British English;13;True;the;2;linux;1;release;1;candidate;1;in;1;linux;release;candidate;in;almost;autres;0,0;0,155;0,845;0,2975;2010-06-26 21:06:00
2010;6;26;21;39;Saturday;British English;52;True;you;5;the;3;a;2;time;2;always;2;many;big;isps;give;new;autres;0,076;0,043;0,881;-0,1764;2010-06-26 21:39:00
2010;6;27;12;43;Sunday;British English;74;True;but;3;for;3;and;3;that;3;the;2;sounds;like;first;some;things;technique;0,017;0,163;0,82;0,9154;2010-06-27 12:43:00
2010;6;27;13;2;Sunday;British English;78;True;for;8;the;3;about;2;using;2;bitcoind;2;thought;starting;out;without;bitcoin;communauté;0,039;0,158;0,803;0,885;2010-06-27 13:02:00
2010;6;27;15;30;Sunday;British English;77;True;could;4;i;3;not;2;much;2;for;2;mingw;still;only;has;good;autres;0,0;0,106;0,894;0,8156;2010-06-27 15:30:00
2010;6;27;19;6;Sunday;British English;124;True;the;8;to;7;a;7;hash;6;new;4;answer;similar;question;how;recover;technique;0,123;0,113;0,764;-0,3167;2010-06-27 19:06:00
2010;7;2;19;21;Friday;British English;138;True;to;8;the;4;connections;4;of;4;be;4;thanks;feedback;on;thing;could;communauté;0,04;0,223;0,737;0,978;2010-07-02 19:21:00
2010;7;2;20;37;Friday;British English;41;True;is;3;a;2;i;2;to;2;quote;1;quote;dkaparis;on;june;pmon;autres;0,0;0,0;1,0;0,0;2010-07-02 20:37:00
2010;7;2;21;57;Friday;British English;13;True;reverted;1;to;1;links;1;removed;1;is;1;to;is;now;so;go;technique;0,0;0,0;1,0;0,0;2010-07-02 21:57:00
2010;7;2;22;3;Friday;British English;68;True;to;3;and;2;it;2;as;2;i;2;back;download;check;over;soon;autres;0,0;0,156;0,844;0,8358;2010-07-02 22:03:00
2010;7;2;22;20;Friday;British English;59;True;connections;3;to;2;in;2;more;2;than;2;i;reduced;max;outbound;from;autres;0,036;0,067;0,897;0,2023;2010-07-02 22:20:00
2010;7;4;21;52;Sunday;British English;14;True;laszlo;1;build;1;is;1;going;1;to;1;build;is;going;to;be;autres;0,0;0,202;0,798;0,5079;2010-07-04 21:52:00
2010;7;5;21;31;Monday;British English;131;True;to;8;a;6;the;5;this;4;not;4;did;come;my;senses;after;économie;0,062;0,102;0,836;0,7453;2010-07-05 21:31:00
2010;7;6;18;32;Tuesday;British English;124;False;the;7;to;6;a;5;and;4;version;3;announcing;bitcoin;digital;currency;using;technique;0,032;0,061;0,907;0,555;2010-07-06 18:32:00
2010;7;6;19;43;Tuesday;British English;2;True;releasedhttp;1;N/A;0;N/A;0;N/A;0;N/A;0;N/A;N/A;N/A;N/A;N/A;autres;0,0;0,0;1,0;0,0;2010-07-06 19:43:00
2010;7;7;1;31;Wednesday;British English;121;True;to;4;and;4;the;3;server;3;a;3;everybody;needs;connect;same;channel;autres;0,023;0,109;0,869;0,8653;2010-07-07 01:31:00
2010;7;8;18;24;Thursday;British English;55;True;in;3;to;3;it;3;from;2;the;2;thanks;for;finding;we;switched;technique;0,0;0,086;0,914;0,6124;2010-07-08 18:24:00
2010;7;8;19;12;Thursday;British English;250;True;the;23;to;14;would;7;of;7;it;6;hard;imagine;internet;have;deliberately;technique;0,07;0,021;0,909;-0,8979;2010-07-08 19:12:00
2010;7;9;3;1;Friday;British English;49;True;the;4;i;3;in;3;it;3;a;2;think;see;where;problem;recently;économie;0,038;0,126;0,836;0,6542;2010-07-09 03:01:00
2010;7;9;3;28;Friday;British English;199;True;the;17;to;12;silver;6;of;5;it;4;what;op;described;is;called;économie;0,032;0,051;0,917;0,7076;2010-07-09 03:28:00
2010;7;9;15;37;Friday;British English;30;True;the;3;tested;2;this;2;i;1;with;1;i;with;a;account;name;autres;0,0;0,11;0,89;0,516;2010-07-09 15:37:00
2010;7;10;12;58;Saturday;British English;134;True;to;9;the;9;you;8;it;6;connect;4;thinking;about;how;kind;of;technique;0,058;0,034;0,908;-0,323;2010-07-10 12:58:00
2010;7;10;13;36;Saturday;British English;85;True;the;7;if;3;it;3;stronger;3;something;2;quote;llama;on;july;and;technique;0,031;0,154;0,816;0,8625;2010-07-10 13:36:00
2010;7;14;16;22;Wednesday;British English;57;True;was;4;for;3;cpu;3;protection;3;getting;3;that;responsible;blocks;cycles;vs;sécurité;0,072;0,098;0,83;0,3866;2010-07-14 16:22:00
2010;7;14;16;29;Wednesday;British English;89;True;you;5;it;5;the;4;in;3;to;3;select;process;task;right;belownormal;autres;0,024;0,0;0,976;-0,2732;2010-07-14 16:29:00
2010;7;14;17;4;Wednesday;British English;24;True;thanks;1;for;1;making;1;that;1;difficulty;1;thanks;for;making;that;difficulty;autres;0,087;0,185;0,727;0,4019;2010-07-14 17:04:00
2010;7;14;17;34;Wednesday;British English;20;True;wxwidgets;3;it;2;does;1;work;1;with;1;work;with;needs;there;a;autres;0,118;0,0;0,882;-0,34;2010-07-14 17:34:00
2010;7;14;17;38;Wednesday;British English;55;True;it;3;to;3;the;3;priority;3;is;2;laszlo;corrected;but;unfortunately;was;autres;0,185;0,048;0,767;-0,8126;2010-07-14 17:38:00
2010;7;14;18;2;Wednesday;British English;77;True;to;5;the;4;this;3;be;3;or;3;is;second;time;seen;must;sécurité;0,119;0,021;0,86;-0,8047;2010-07-14 18:02:00
2010;7;14;18;25;Wednesday;British English;68;True;to;4;it;4;is;3;language;2;set;2;what;your;computer;dutch;those;technique;0,096;0,035;0,869;-0,6662;2010-07-14 18:25:00
2010;7;14;18;45;Wednesday;British English;261;True;to;13;the;12;a;10;it;8;i;8;initially;tries;incorrectly;set;itself;autres;0,088;0,031;0,88;-0,9326;2010-07-14 18:45:00
2010;7;14;18;56;Wednesday;British English;116;True;is;4;the;3;you;3;have;3;it;3;microsoft;security;essentials;protection;blocking;technique;0,224;0,013;0,763;-0,9828;2010-07-14 18:56:00
2010;7;14;20;25;Wednesday;British English;124;True;your;5;it;5;on;4;solving;4;of;4;quote;knightmb;july;pmso;if;sécurité;0,087;0,174;0,739;0,8544;2010-07-14 20:25:00
2010;7;14;21;10;Wednesday;British English;139;True;it;9;the;8;a;4;lightweight;4;not;4;outlines;block;in;pdf;called;technique;0,05;0,032;0,918;-0,1323;2010-07-14 21:10:00
2010;7;15;0;18;Thursday;British English;14;True;the;3;ok;1;undocumented;1;switch;1;which;1;undocumented;switch;which;uploaded;change;autres;0,0;0,184;0,816;0,4466;2010-07-15 00:18:00
2010;7;15;14;5;Thursday;British English;26;True;this;2;more;1;directly;1;http;1;will;1;more;will;be;posting;release;autres;0,093;0,079;0,828;-0,1027;2010-07-15 14:05:00
2010;7;15;14;33;Thursday;British English;43;True;it;3;link;2;the;2;compiler;2;would;2;we;even;specify;linking;so;autres;0,046;0,0;0,954;-0,2411;2010-07-15 14:33:00
2010;7;15;14;59;Thursday;British English;45;True;the;4;cpu;3;is;3;priority;3;it;3;then;all;time;generate;which;autres;0,054;0,056;0,89;0,0258;2010-07-15 14:59:00
2010;7;15;17;5;Thursday;British English;81;False;is;3;to;3;fix;3;for;3;it;2;this;a;bugfix;maintenance;it;technique;0,088;0,0;0,912;-0,743;2010-07-15 17:05:00
2010;7;15;17;23;Thursday;British English;26;True;a;3;backup;3;it;2;to;2;well;1;it;hurt;do;and;good;communauté;0,103;0,198;0,699;0,1501;2010-07-15 17:23:00
2010;7;15;17;56;Thursday;British English;63;True;you;4;is;3;the;3;i;2;think;2;have;particular;system;laggy;running;autres;0,043;0,043;0,913;0,0;2010-07-15 17:56:00
2010;7;15;18;30;Thursday;British English;311;True;the;26;to;10;i;9;in;9;a;7;quote;amok;here;for;while;technique;0,089;0,017;0,894;-0,9729;2010-07-15 18:30:00
2010;7;15;18;37;Thursday;British English;96;True;the;6;a;3;file;3;src;3;from;3;i;uploaded;an;updated;for;technique;0,118;0,0;0,882;-0,9146;2010-07-15 18:37:00
2010;7;15;18;43;Thursday;British English;114;True;the;16;to;6;links;5;on;4;from;3;quote;smoketoomuch;july;pmi;recommend;autres;0,0;0,016;0,984;0,1901;2010-07-15 18:43:00
2010;7;15;19;12;Thursday;British English;20;True;the;3;and;2;thanks;1;for;1;spanish;1;thanks;for;spanish;french;edited;autres;0,157;0,117;0,726;-0,2481;2010-07-15 19:12:00
2010;7;15;21;40;Thursday;British English;145;True;the;9;cpu;8;you;5;bitcoin;4;to;4;quote;knightmb;july;pmon;priority;technique;0,014;0,046;0,94;0,5787;2010-07-15 21:40:00
2010;7;15;22;7;Thursday;British English;61;True;the;4;for;3;on;2;linux;2;minimize;2;quote;knightmb;july;pmon;client;technique;0,0;0,049;0,951;0,4436;2010-07-15 22:07:00
2010;7;15;22;10;Thursday;British English;32;True;in;3;quote;1;from;1;db;1;on;1;quote;db;on;july;pmthe;autres;0,0;0,083;0,917;0,4019;2010-07-15 22:10:00
2010;7;15;22;18;Thursday;British English;61;True;it;4;that;3;to;3;or;3;you;2;surprising;never;heard;of;before;autres;0,028;0,04;0,932;0,1926;2010-07-15 22:18:00
2010;7;15;22;22;Thursday;British English;17;True;the;3;fix;1;for;1;thread;1;priority;1;fix;for;thread;priority;level;autres;0,0;0,0;1,0;0,0;2010-07-15 22:22:00
2010;7;15;23;23;Thursday;British English;145;True;the;11;it;6;that;6;startup;5;folder;4;quote;rhorning;july;pmi;although;technique;0,027;0,06;0,913;0,4361;2010-07-15 23:23:00
2010;7;15;23;41;Thursday;British English;49;True;is;3;the;3;an;2;icon;2;size;2;quote;bdonlan;on;july;pmin;autres;0,0;0,057;0,943;0,4329;2010-07-15 23:41:00
2010;7;16;0;44;Friday;British English;32;True;it;3;the;3;or;2;run;1;with;1;run;it;with;undocumented;switch;autres;0,091;0,0;0,909;-0,4767;2010-07-16 00:44:00
2010;7;16;2;2;Friday;British English;35;True;is;2;btc;1;seems;1;like;1;a;1;btc;seems;like;a;lot;autres;0,042;0,128;0,831;0,4404;2010-07-16 02:02:00
2010;7;16;2;43;Friday;British English;19;True;must;2;be;2;that;1;it;1;looking;1;that;it;looking;for;a;autres;0,0;0,093;0,907;0,1901;2010-07-16 02:43:00
2010;7;16;14;46;Friday;British English;60;True;the;4;it;4;increase;4;days;3;is;2;difficulty;currently;about;to;again;technique;0,038;0,147;0,815;0,7003;2010-07-16 14:46:00
2010;7;16;14;52;Friday;British English;60;True;the;4;you;4;in;3;i;2;do;2;first;time;seen;this;many;technique;0,084;0,0;0,916;-0,6322;2010-07-16 14:52:00
2010;7;16;14;55;Friday;British English;19;True;the;2;please;1;try;1;release;1;candidate;1;please;try;release;it;should;autres;0,0;0,224;0,776;0,5994;2010-07-16 14:55:00
2010;7;16;15;1;Friday;British English;41;True;it;4;your;2;bitcoin;1;automatically;1;rebroadcasts;1;bitcoin;automatically;rebroadcasts;transactions;if;technique;0,168;0,027;0,805;-0,743;2010-07-16 15:01:00
2010;7;16;15;9;Friday;British English;27;True;the;2;it;2;because;1;of;1;all;1;because;of;all;dependencies;that;autres;0,147;0,0;0,853;-0,5096;2010-07-16 15:09:00
2010;7;16;15;37;Friday;British English;132;True;the;11;in;4;for;4;code;4;function;4;libraries;but;probably;tell;not;autres;0,062;0,081;0,857;0,4033;2010-07-16 15:37:00
2010;7;16;16;13;Friday;British English;169;True;to;9;the;5;we;5;with;5;a;5;bit;use;more;quickly;computers;technique;0,143;0,075;0,781;-0,929;2010-07-16 16:13:00
2010;7;16;16;47;Friday;British English;112;True;a;6;it;6;to;6;the;5;that;4;many;businesses;are;like;for;communauté;0,052;0,034;0,914;-0,4561;2010-07-16 16:47:00
2010;7;16;16;56;Friday;British English;38;True;to;3;a;3;as;2;it;1;adjusted;1;it;adjusted;few;minutes;typical;technique;0,183;0,053;0,763;-0,6249;2010-07-16 16:56:00
2010;7;16;17;15;Friday;British English;139;True;a;8;the;8;it;5;in;4;to;4;wxwidgets;so;may;little;since;technique;0,0;0,085;0,915;0,891;2010-07-16 17:15:00
2010;7;16;17;26;Friday;British English;90;True;you;6;to;6;connections;5;more;3;gateway;3;good;going;than;lan;connect;technique;0,0;0,108;0,892;0,8481;2010-07-16 17:26:00
2010;7;16;17;29;Friday;British English;34;True;that;3;you;3;hours;2;before;2;yes;1;about;conf;blocks;per;hour;autres;0,052;0,176;0,771;0,6705;2010-07-16 17:29:00
2010;7;16;17;47;Friday;British English;5;True;no;1;not;1;related;1;at;1;all;1;not;related;at;N/A;N/A;autres;0,355;0,0;0,645;-0,296;2010-07-16 17:47:00
2010;7;16;17;58;Friday;British English;13;True;neat;1;just;1;increased;1;by;1;times;1;neat;just;increased;by;so;autres;0,0;0,338;0,662;0,6249;2010-07-16 17:58:00
2010;7;16;18;23;Friday;British English;62;True;to;5;the;3;you;3;i;2;and;2;been;trying;encourage;someone;write;autres;0,042;0,156;0,802;0,7717;2010-07-16 18:23:00
2010;7;16;18;43;Friday;British English;71;True;the;4;to;4;blocks;3;per;3;block;3;difficulty;is;trying;keep;it;technique;0,177;0,071;0,752;-0,7436;2010-07-16 18:43:00
2010;7;16;19;45;Friday;British English;286;False;the;21;to;14;a;9;you;9;it;7;we;write;preferably;python;recommended;communauté;0,0;0,074;0,926;0,9531;2010-07-16 19:45:00
2010;7;16;21;6;Friday;British English;45;True;the;4;to;3;and;2;you;2;i;1;i;uploaded;windows;linux;sourceforge;autres;0,059;0,0;0,941;-0,4019;2010-07-16 21:06:00
2010;7;16;22;20;Friday;British English;58;True;the;4;bitcoin;3;on;2;i;2;quote;1;quote;hugolp;may;amwhen;run;technique;0,122;0,036;0,842;-0,6519;2010-07-16 22:20:00
2010;7;17;16;6;Saturday;British English;76;True;it;5;to;5;is;4;the;3;must;2;rounding;error;when;getinfo;converts;économie;0,035;0,068;0,897;0,3818;2010-07-17 16:06:00
2010;7;17;16;27;Saturday;British English;175;True;the;13;a;7;of;7;to;5;address;5;we;up;supply;use;they;technique;0,061;0,051;0,888;-0,1975;2010-07-17 16:27:00
2010;7;17;16;56;Saturday;British English;47;True;the;4;has;2;to;2;in;2;and;2;some;security;safeguards;lock;block;sécurité;0,115;0,091;0,794;-0,3182;2010-07-17 16:56:00
2010;7;17;21;35;Saturday;British English;122;False;the;6;to;5;now;3;this;3;block;3;download;links;available;on;everyone;technique;0,093;0,112;0,795;0,3612;2010-07-17 21:35:00
2010;7;17;22;29;Saturday;British English;223;True;the;16;a;14;it;10;to;7;of;7;i;believe;be;possible;processing;technique;0,032;0,059;0,909;0,5927;2010-07-17 22:29:00
2010;7;17;22;37;Saturday;British English;31;True;they;2;when;2;it;2;quote;1;from;1;quote;singpolyma;on;july;pmmy;autres;0,119;0,0;0,881;-0,4215;2010-07-17 22:37:00
2010;7;17;22;54;Saturday;British English;125;True;the;10;block;6;it;3;that;3;lock;3;quote;important;all;way;up;sécurité;0,175;0,059;0,766;-0,9327;2010-07-17 22:54:00
2010;7;17;23;18;Saturday;British English;32;True;the;3;to;2;commands;2;i;1;did;1;i;realize;you;were;going;communauté;0,078;0,078;0,843;0,0;2010-07-17 23:18:00
2010;7;17;23;25;Saturday;British English;71;True;the;5;to;4;i;3;from;2;on;2;quote;newlibertystandard;july;pmversion;was;autres;0,053;0,038;0,909;-0,4829;2010-07-17 23:25:00
2010;7;18;1;59;Sunday;British English;86;True;a;4;the;4;to;3;would;2;with;2;quote;llama;on;july;amthis;technique;0,096;0,151;0,753;0,6542;2010-07-18 01:59:00
2010;7;18;15;12;Sunday;British English;10;True;they;1;only;1;intended;1;for;1;intrepid;1;only;intended;for;intrepid;programmers;autres;0,0;0,0;1,0;0,0;2010-07-18 15:12:00
2010;7;18;16;6;Sunday;British English;181;True;to;10;the;7;a;6;on;5;it;5;quote;lachesis;ami;misunderstanding;my;sécurité;0,03;0,02;0,951;-0,1787;2010-07-18 16:06:00
2010;7;18;18;58;Sunday;British English;97;True;to;6;the;5;and;3;i;3;it;3;change;list;is;basically;encompassed;sécurité;0,042;0,058;0,901;0,128;2010-07-18 18:58:00
2010;7;18;20;49;Sunday;British English;347;False;pw;19;password;16;the;12;a;11;if;11;uploaded;svn;my;changes;add;technique;0,045;0,038;0,918;-0,7545;2010-07-18 20:49:00
2010;7;18;21;24;Sunday;British English;206;True;the;9;than;6;i;6;that;5;of;4;openssl;any;interface;doing;just;technique;0,037;0,095;0,867;0,921;2010-07-18 21:24:00
2010;7;18;21;56;Sunday;British English;4;True;typically;1;over;1;btc;1;N/A;0;N/A;0;over;N/A;N/A;N/A;N/A;autres;0,0;0,0;1,0;0,0;2010-07-18 21:56:00
2010;7;18;23;35;Sunday;British English;23;True;nice;1;graph;1;a;1;moving;1;average;1;nice;a;moving;average;to;technique;0,076;0,124;0,8;0,2942;2010-07-18 23:35:00
2010;7;19;4;43;Monday;British English;65;True;that;4;you;4;a;3;the;3;right;2;quite;bit;give;me;any;autres;0,0;0,0;1,0;0,0;2010-07-19 04:43:00
2010;7;19;16;1;Monday;British English;86;False;the;6;on;5;a;4;web;3;it;3;switch;run;opens;port;local;autres;0,079;0,03;0,891;-0,6528;2010-07-19 16:01:00
2010;7;19;16;20;Monday;British English;186;True;the;13;in;6;you;5;a;5;is;5;so;drop;sounds;could;tell;technique;0,073;0,047;0,88;-0,6176;2010-07-19 16:20:00
2010;7;20;18;38;Tuesday;British English;239;True;it;12;the;11;is;9;to;8;and;6;an;implementation;of;wei;nick;technique;0,07;0,097;0,833;0,6019;2010-07-20 18:38:00
2010;7;21;0;5;Wednesday;British English;116;True;the;7;file;5;to;4;settings;4;a;4;need;know;most;typical;format;autres;0,0;0,036;0,964;0,6147;2010-07-21 00:05:00
2010;7;21;5;51;Wednesday;British English;266;True;to;10;a;9;the;9;we;7;value;7;was;researching;sure;lightweight;easy;économie;0,038;0,078;0,885;0,8937;2010-07-21 05:51:00
2010;7;21;16;7;Wednesday;British English;174;True;key;6;the;6;value;5;be;5;this;5;quote;gavinandresen;july;pmi;did;économie;0,01;0,117;0,873;0,8733;2010-07-21 16:07:00
2010;7;21;17;31;Wednesday;British English;53;True;we;3;a;3;the;2;can;2;use;2;has;same;gavin;pointed;out;économie;0,0;0,117;0,883;0,6369;2010-07-21 17:31:00
2010;7;22;2;34;Thursday;British English;65;True;password;4;warning;3;is;3;rpc;3;if;2;quote;gavinandresen;on;july;dialog;communauté;0,068;0,037;0,896;-0,2732;2010-07-22 02:34:00
2010;7;23;17;7;Friday;British English;88;True;to;4;a;3;the;3;and;3;for;2;quote;gavinandresen;on;july;pmquestion;communauté;0,0;0,037;0,963;0,4927;2010-07-23 17:07:00
2010;7;23;17;14;Friday;British English;16;True;test;2;gavin;1;changes;1;look;1;good;1;changes;look;i;think;everything;technique;0,0;0,314;0,686;0,6696;2010-07-23 17:14:00
2010;7;23;17;23;Friday;British English;41;True;the;5;error;3;is;2;of;2;if;1;if;i;recall;prescribed;status;technique;0,123;0,057;0,82;-0,4404;2010-07-23 17:23:00
2010;7;23;18;24;Friday;British English;212;False;the;13;it;12;to;8;and;7;block;5;by;making;some;adjustments;was;technique;0,12;0,04;0,841;-0,9531;2010-07-23 18:24:00
2010;7;23;20;13;Friday;British English;41;True;to;3;stop;2;blocks;2;it;2;quote;1;quote;knightmb;on;july;pmis;autres;0,178;0,061;0,761;-0,5267;2010-07-23 20:13:00
2010;7;23;20;39;Friday;British English;147;True;it;7;if;6;or;5;the;5;i;4;think;disabled;default;no;config;autres;0,097;0,04;0,863;-0,8317;2010-07-23 20:39:00
2010;7;24;0;59;Saturday;British English;174;True;i;9;it;7;the;5;error;5;if;5;obviously;bug;repeats;was;follow;autres;0,058;0,088;0,854;0,6643;2010-07-24 00:59:00
2010;7;24;1;15;Saturday;British English;67;True;the;3;i;3;it;3;and;3;if;2;can;anyone;confirm;over;supposed;autres;0,159;0,034;0,807;-0,8442;2010-07-24 01:15:00
2010;7;24;2;29;Saturday;British English;10;True;the;1;http;1;authentication;1;feature;1;in;1;the;http;authentication;feature;in;autres;0,236;0,159;0,605;-0,2558;2010-07-24 02:29:00
2010;7;24;3;32;Saturday;British English;55;False;the;2;and;2;you;2;to;2;http;2;please;test;in;preparation;for;technique;0,046;0,181;0,773;0,8217;2010-07-24 03:32:00
2010;7;24;4;4;Saturday;British English;83;True;to;5;a;3;serialize;3;it;3;that;3;flatdata;workaround;field;there;cleaner;communauté;0,064;0,121;0,814;0,6272;2010-07-24 04:04:00
2010;7;25;14;46;Sunday;British English;6;True;was;1;that;1;on;1;the;1;test;1;was;that;on;the;test;technique;0,0;0,0;1,0;0,0;2010-07-25 14:46:00
2010;7;25;15;29;Sunday;British English;13;True;please;1;do;1;these;1;tests;1;on;1;please;do;these;tests;on;technique;0,0;0,321;0,679;0,6369;2010-07-25 15:29:00
2010;7;25;16;55;Sunday;British English;29;False;to;2;please;1;upgrade;1;important;1;security;1;please;upgrade;important;security;improvements;sécurité;0,078;0,307;0,615;0,7644;2010-07-25 16:55:00
2010;7;25;17;45;Sunday;British English;27;True;it;3;you;3;me;2;best;1;if;1;best;if;tell;to;privately;autres;0,0;0,139;0,861;0,6369;2010-07-25 17:45:00
2010;7;25;19;6;Sunday;British English;66;True;the;5;to;3;hash;3;for;2;and;2;thanks;telling;me;privately;please;technique;0,05;0,146;0,804;0,717;2010-07-25 19:06:00
2010;7;25;20;1;Sunday;British English;183;True;key;10;public;8;the;8;you;8;to;8;quote;knightmb;on;july;pmif;technique;0,039;0,075;0,886;0,6908;2010-07-25 20:01:00
2010;7;25;20;48;Sunday;British English;260;True;is;10;you;10;to;9;attack;8;the;8;quotehere;paper;claims;collisions;crypto;sécurité;0,189;0,117;0,694;-0,9772;2010-07-25 20:48:00
2010;7;25;21;34;Sunday;British English;113;True;the;6;a;4;to;3;authorization;3;from;2;quote;lachesis;on;july;pmi;technique;0,031;0,078;0,891;0,5267;2010-07-25 21:34:00
2010;7;25;21;44;Sunday;British English;88;True;to;5;on;2;got;2;trying;2;this;2;quote;bitlex;july;pmi;some;autres;0,1;0,087;0,814;0,1179;2010-07-25 21:44:00
2010;7;25;21;51;Sunday;British English;23;True;the;2;quote;1;from;1;gavinandresen;1;on;1;quote;gavinandresen;on;july;pmgreat;autres;0,0;0,0;1,0;0,0;2010-07-25 21:51:00
2010;7;25;22;6;Sunday;British English;32;True;it;3;the;2;in;2;for;1;future;1;for;future;my;public;same;technique;0,0;0,0;1,0;0,0;2010-07-25 22:06:00
2010;7;25;22;27;Sunday;British English;26;True;ecdsa;2;sorry;1;actually;1;it;1;elliptic;1;actually;curve;digital;signature;not;technique;0,053;0,0;0,947;-0,0772;2010-07-25 22:27:00
2010;7;26;17;23;Monday;British English;77;False;the;5;to;4;i;3;and;3;wxbase;2;replaced;last;of;few;dependencies;politique;0,0;0,031;0,969;0,3252;2010-07-26 17:23:00
2010;7;26;18;41;Monday;British English;88;True;the;6;intel;3;from;2;on;2;for;2;quote;olipro;july;amcredit;to;autres;0,036;0,066;0,898;0,1672;2010-07-26 18:41:00
2010;7;27;1;29;Tuesday;British English;101;True;the;7;it;6;i;4;on;3;to;3;quote;olipro;july;pretty;sure;communauté;0,0;0,084;0,916;0,775;2010-07-27 01:29:00
2010;7;27;3;4;Tuesday;British English;53;True;difficulty;2;factor;2;new;1;i;1;updated;1;new;factor;updated;the;first;autres;0,088;0,0;0,912;-0,5859;2010-07-27 03:04:00
2010;7;27;18;27;Tuesday;British English;209;True;the;15;to;10;it;10;is;5;from;3;quote;blackeye;july;pmi;able;technique;0,041;0,008;0,951;-0,6891;2010-07-27 18:27:00
2010;7;27;19;47;Tuesday;British English;44;True;it;4;as;4;long;2;you;2;ok;1;also;like;to;know;if;autres;0,0;0,202;0,798;0,8455;2010-07-27 19:47:00
2010;7;28;20;58;Wednesday;British English;60;True;the;6;to;4;path;3;it;2;like;2;was;able;reproduce;database;works;autres;0,067;0,054;0,878;0,0464;2010-07-28 20:58:00
2010;7;28;21;23;Wednesday;British English;91;True;it;7;that;4;the;4;to;3;i;2;was;only;thing;i;broke;technique;0,028;0,0;0,972;-0,372;2010-07-28 21:23:00
2010;7;29;1;16;Thursday;British English;116;True;the;14;block;5;timestamp;4;in;4;code;3;you;were;looking;at;wrong;autres;0,142;0,053;0,805;-0,8381;2010-07-29 01:16:00
2010;7;29;2;0;Thursday;British English;157;True;the;7;is;6;be;6;to;5;do;5;current;system;where;network;node;technique;0,056;0,128;0,816;0,8535;2010-07-29 02:00:00
2010;7;29;2;10;Thursday;British English;41;True;the;4;i;3;we;2;that;2;forum;2;how;did;get;on;only;autres;0,114;0,0;0,886;-0,7089;2010-07-29 02:10:00
2010;7;29;19;13;Thursday;British English;87;False;to;8;you;5;upgrade;4;it;2;transactions;2;please;we;fixed;an;implementation;technique;0,022;0,176;0,802;0,9371;2010-07-29 19:13:00
2010;7;29;19;55;Thursday;British English;24;True;the;2;have;1;had;1;time;1;to;1;had;time;to;update;svn;technique;0,0;0,0;1,0;0,0;2010-07-29 19:55:00
2010;7;29;20;30;Thursday;British English;17;True;svn;1;is;1;updated;1;with;1;version;1;svn;is;updated;with;version;autres;0,0;0,0;1,0;0,0;2010-07-29 20:30:00
2010;7;29;21;20;Thursday;British English;58;True;you;5;to;4;linux;2;build;2;the;2;is;back;old;it;static;autres;0,0;0,0;1,0;0,0;2010-07-29 21:20:00
2010;7;29;21;43;Thursday;British English;63;True;i;4;not;3;to;3;by;2;is;2;version;found;a;new;problem;technique;0,0;0,028;0,972;0,1603;2010-07-29 21:43:00
2010;7;29;22;4;Thursday;British English;39;True;it;4;to;4;i;2;you;2;actually;1;works;well;just;pm;the;sécurité;0,0;0,227;0,773;0,8271;2010-07-29 22:04:00
2010;7;29;22;8;Thursday;British English;65;True;the;4;it;3;to;3;if;2;at;2;transaction;go;out;immediately;like;technique;0,044;0,038;0,919;-0,1027;2010-07-29 22:08:00
2010;7;29;22;17;Thursday;British English;38;True;i;3;that;2;yeah;1;acutely;1;aware;1;acutely;aware;that;i;should;autres;0,0;0,135;0,865;0,6478;2010-07-29 22:17:00
2010;7;29;23;12;Thursday;British English;143;True;the;8;to;6;i;5;make;5;it;4;quote;lachesis;on;july;pmon;autres;0,113;0,043;0,844;-0,8651;2010-07-29 23:12:00
2010;7;30;19;19;Friday;British English;76;True;it;7;you;4;have;3;i;2;do;2;get;how;let;send;was;économie;0,052;0,068;0,88;0,3049;2010-07-30 19:19:00
2010;7;30;19;40;Friday;British English;174;True;it;10;to;9;for;6;do;6;use;5;what;are;you;needing;reason;autres;0,063;0,119;0,818;0,8585;2010-07-30 19:40:00
2010;7;30;19;53;Friday;British English;156;True;i;7;the;6;install;6;to;5;on;3;quote;knightmb;july;pmi;can;autres;0,055;0,056;0,888;-0,2177;2010-07-30 19:53:00
2010;7;30;21;44;Friday;British English;69;True;that;3;boost;3;on;2;it;2;the;2;quote;knightmb;on;july;pmso;technique;0,023;0,053;0,924;0,2665;2010-07-30 21:44:00
2010;7;31;0;29;Saturday;British English;40;True;that;2;you;2;to;2;i;2;amazing;1;are;saying;use;registers;simd;économie;0,0;0,077;0,923;0,4767;2010-07-31 00:29:00
2010;7;31;1;32;Saturday;British English;85;False;the;5;adjustment;5;it;4;next;3;difficulty;3;be;neat;someone;had;a;technique;0,085;0,035;0,88;-0,4939;2010-07-31 01:32:00
2010;7;31;14;38;Saturday;British English;9;True;it;1;can;1;be;1;built;1;with;1;it;can;be;built;with;autres;0,0;0,252;0,748;0,4019;2010-07-31 14:38:00
2010;8;2;17;39;Monday;British English;16;True;did;2;you;2;it;1;print;1;anything;1;did;it;print;anything;to;autres;0,0;0,151;0,849;0,3939;2010-08-02 17:39:00
2010;8;2;18;2;Monday;British English;32;True;the;5;minimize;2;to;2;tray;2;on;2;instead;of;must;not;be;autres;0,0;0,038;0,962;0,0516;2010-08-02 18:02:00
2010;8;2;19;2;Monday;British English;62;True;it;4;on;4;does;3;fast;2;the;2;is;amd;and;tcatm;july;autres;0,061;0,0;0,939;-0,6007;2010-08-02 19:02:00
2010;8;2;20;22;Monday;British English;238;True;the;13;is;11;and;8;that;7;to;6;reason;use;protocol;buffers;boost;technique;0,089;0,063;0,848;-0,6899;2010-08-02 20:22:00
2010;8;3;20;56;Tuesday;British English;38;True;in;3;it;3;satoshi;2;that;2;quote;1;quote;nimnul;on;august;pmis;autres;0,0;0,0;1,0;0,0;2010-08-03 20:56:00
2010;8;3;21;5;Tuesday;British English;59;True;the;3;to;3;it;2;with;2;build;2;quote;sgtstein;on;august;pmi;autres;0,113;0,032;0,855;-0,743;2010-08-03 21:05:00
2010;8;3;21;26;Tuesday;British English;104;True;do;4;to;4;the;3;libraries;3;it;3;quote;gavinandresen;pmquote;jgarzik;pmbitcoin;communauté;0,037;0,097;0,865;0,8256;2010-08-03 21:26:00
2010;8;3;22;45;Tuesday;British English;285;True;the;18;it;9;be;9;a;6;to;6;agree;with;after;possible;notice;technique;0,062;0,039;0,899;-0,4329;2010-08-03 22:45:00
2010;8;3;23;40;Tuesday;British English;136;False;it;8;the;4;an;3;important;3;upgrade;3;version;adds;everyone;should;get;technique;0,072;0,177;0,751;0,9278;2010-08-03 23:40:00
2010;8;4;0;9;Wednesday;British English;65;True;the;4;to;4;from;2;node;2;make;2;quote;knightmb;on;august;pmthere;technique;0,0;0,095;0,905;0,7579;2010-08-04 00:09:00
2010;8;4;0;29;Wednesday;British English;42;True;the;4;i;2;sourceforge;2;updated;2;on;2;guess;its;mirrors;files;are;communauté;0,067;0,0;0,933;-0,4215;2010-08-04 00:29:00
2010;8;4;0;40;Wednesday;British English;28;True;the;2;to;2;i;2;software;1;is;1;software;is;designed;support;things;technique;0,0;0,13;0,87;0,3818;2010-08-04 00:40:00
2010;8;4;16;25;Wednesday;British English;113;True;to;5;the;4;is;4;practical;4;for;4;quote;insti;on;august;pmit;technique;0,082;0,048;0,869;-0,4542;2010-08-04 16:25:00
2010;8;5;16;3;Thursday;British English;298;True;the;13;to;10;it;9;i;7;and;7;forgot;good;part;about;while;technique;0,071;0,066;0,863;-0,3358;2010-08-05 16:03:00
2010;8;5;16;30;Thursday;British English;198;True;you;9;a;6;for;6;or;6;the;5;quote;bytemasterpayments;generally;say;btc;autres;0,061;0,054;0,885;0,4125;2010-08-05 16:30:00
2010;8;5;16;39;Thursday;British English;137;True;to;9;transaction;9;the;9;a;6;fee;4;quote;bytemaster;august;pmthe;only;technique;0,102;0,067;0,832;-0,4767;2010-08-05 16:39:00
2010;8;5;17;6;Thursday;British English;138;True;the;8;rate;6;it;6;on;5;limit;5;silently;failing;would;look;first;économie;0,034;0,057;0,909;0,3071;2010-08-05 17:06:00
2010;8;5;17;28;Thursday;British English;19;True;it;2;not;1;turned;1;out;1;nobody;1;not;turned;out;nobody;liked;autres;0,0;0,135;0,865;0,4215;2010-08-05 17:28:00
2010;8;5;17;38;Thursday;British English;27;True;transaction;4;the;3;fees;2;i;1;ca;1;i;think;of;a;way;technique;0,0;0,0;1,0;0,0;2010-08-05 17:38:00
2010;8;5;17;49;Thursday;British English;135;True;the;8;to;8;it;7;you;5;on;2;quote;bytemaster;august;pmright;now;technique;0,094;0,035;0,871;-0,8126;2010-08-05 17:49:00
2010;8;5;18;8;Thursday;British English;76;True;the;9;to;5;it;4;you;3;a;2;transaction;be;written;two;signatures;technique;0,057;0,031;0,913;-0,25;2010-08-05 18:08:00
2010;8;7;16;28;Saturday;British English;30;True;you;2;is;2;to;2;once;1;get;1;once;get;away;from;a;technique;0,0;0,0;1,0;0,0;2010-08-07 16:28:00
2010;8;7;17;46;Saturday;British English;358;True;the;25;of;15;to;10;a;9;that;9;situation;marginal;tends;stay;near;technique;0,052;0,047;0,901;-0,1545;2010-08-07 17:46:00
2010;8;7;20;4;Saturday;British English;60;True;to;4;that;4;be;3;it;2;is;2;quote;jgarzik;on;august;pmdue;communauté;0,071;0,096;0,833;0,3939;2010-08-07 20:04:00
2010;8;7;20;13;Saturday;British English;286;False;the;27;to;14;it;8;money;7;of;6;outline;kind;possible;implemented;probably;économie;0,15;0,068;0,782;-0,9778;2010-08-07 20:13:00
2010;8;7;21;16;Saturday;British English;219;True;the;11;is;8;that;7;a;6;break;5;quote;august;macro;contains;assertion;autres;0,124;0,038;0,838;-0,94;2010-08-07 21:16:00
2010;8;9;18;50;Monday;British English;108;True;the;7;i;4;to;3;at;3;in;3;found;only;added;a;slight;autres;0,03;0,063;0,907;0,5599;2010-08-09 18:50:00
2010;8;9;19;46;Monday;British English;47;False;version;2;on;2;the;2;when;1;we;1;when;we;switched;to;in;technique;0,119;0,0;0,881;-0,7003;2010-08-09 19:46:00
2010;8;9;20;13;Monday;British English;48;True;int;3;the;2;to;2;be;2;signed;2;unsignedint;is;good;until;surely;technique;0,0;0,155;0,845;0,7964;2010-08-09 20:13:00
2010;8;9;20;34;Monday;British English;21;True;i;2;with;2;it;2;uploaded;1;for;1;uploaded;for;linux;ran;a;technique;0,13;0,0;0,87;-0,34;2010-08-09 20:34:00
2010;8;9;20;55;Monday;British English;41;True;you;2;with;2;if;2;defined;2;that;1;a;good;i;believe;could;autres;0,0;0,125;0,875;0,6467;2010-08-09 20:55:00
2010;8;9;20;58;Monday;British English;58;False;connections;3;outbound;2;have;2;to;2;switch;2;svn;rev;always;make;even;autres;0,0;0,0;1,0;0,0;2010-08-09 20:58:00
2010;8;9;21;28;Monday;British English;90;True;heat;6;you;6;it;5;the;4;your;4;from;computer;not;wasted;need;technique;0,0;0,111;0,889;0,8622;2010-08-09 21:28:00
2010;8;10;23;46;Tuesday;British English;23;True;disable;2;svn;1;rev;1;on;1;this;1;svn;rev;on;this;may;autres;0,0;0,0;1,0;0,0;2010-08-10 23:46:00
2010;8;11;0;14;Wednesday;British English;163;True;the;8;to;8;a;7;of;7;be;5;is;very;interesting;solution;was;technique;0,022;0,077;0,902;0,8423;2010-08-11 00:14:00
2010;8;11;1;30;Wednesday;British English;325;True;the;20;it;19;you;12;to;11;if;9;quote;jgarzik;pmask;some;business;économie;0,202;0,069;0,729;-0,9949;2010-08-11 01:30:00
2010;8;11;1;42;Wednesday;British English;21;True;the;2;updated;1;svn;1;little;1;hope;1;updated;little;hope;of;not;autres;0,0;0,115;0,885;0,3832;2010-08-11 01:42:00
2010;8;11;21;7;Wednesday;British English;292;True;the;29;to;14;a;14;of;10;network;6;thinking;this;idea;only;job;technique;0,0;0,046;0,954;0,9062;2010-08-11 21:07:00
2010;8;11;21;46;Wednesday;British English;156;True;the;9;to;8;it;7;a;5;up;3;quote;ami;added;faq;warning;technique;0,096;0,047;0,857;-0,7754;2010-08-11 21:46:00
2010;8;11;22;40;Wednesday;British English;180;True;a;7;to;6;transactions;5;is;5;of;5;it;such;breaking;new;for;technique;0,104;0,149;0,747;0,8043;2010-08-11 22:40:00
2010;8;11;23;28;Wednesday;British English;124;True;to;7;the;7;it;5;be;3;small;3;files;long;we;eventual;solution;technique;0,09;0,042;0,868;-0,732;2010-08-11 23:28:00
2010;8;12;0;2;Thursday;British English;64;True;defined;4;code;3;define;3;on;2;mac;2;quote;dkaparis;august;pmthere;is;communauté;0,087;0,039;0,873;-0,5093;2010-08-12 00:02:00
2010;8;12;2;46;Thursday;British English;194;True;the;21;to;9;history;6;it;6;then;5;quote;red;amquote;satoshi;pmi;technique;0,049;0,074;0,876;0,6198;2010-08-12 02:46:00
2010;8;12;21;14;Thursday;British English;26;True;defined;3;bsd;3;endif;3;define;2;this;1;this;is;in;svn;rev;autres;0,0;0,0;1,0;0,0;2010-08-12 21:14:00
2010;8;12;21;20;Thursday;British English;43;False;with;2;on;2;misc;1;bugfixes;1;in;1;misc;bugfixes;in;rev;relative;autres;0,054;0,0;0,946;-0,34;2010-08-12 21:20:00
2010;8;12;21;34;Thursday;British English;113;True;the;7;a;5;of;5;would;4;be;4;there;modem;satellite;dish;rarer;communauté;0,072;0,085;0,844;0,1505;2010-08-12 21:34:00
2010;8;12;21;43;Thursday;British English;5;True;fixed;1;in;1;svn;1;rev;1;N/A;0;fixed;in;svn;rev;N/A;autres;0,0;0,0;1,0;0,0;2010-08-12 21:43:00
2010;8;12;22;7;Thursday;British English;134;True;a;4;that;3;of;3;it;3;to;3;big;difference;in;by;factor;autres;0,031;0,068;0,901;0,6996;2010-08-12 22:07:00
2010;8;13;3;15;Friday;British English;66;True;it;4;you;3;no;2;to;2;transaction;2;not;what;allows;include;a;technique;0,065;0,0;0,935;-0,5267;2010-08-13 03:15:00
2010;8;13;17;9;Friday;British English;50;True;you;5;irc;3;to;3;bootstrap;3;quotebut;1;quotebut;there;will;be;no;technique;0,064;0,0;0,936;-0,3125;2010-08-13 17:09:00
2010;8;13;17;40;Friday;British English;58;False;test;3;http;3;a;2;if;2;you;2;build;like;to;help;before;technique;0,0;0,124;0,876;0,7579;2010-08-13 17:40:00
2010;8;13;19;28;Friday;British English;352;True;the;17;a;12;key;10;to;9;if;8;grasping;your;idea;does;information;technique;0,035;0,025;0,94;-0,647;2010-08-13 19:28:00
2010;8;13;23;39;Friday;British English;17;True;it;1;too;1;soon;1;to;1;start;1;too;soon;to;start;junking;autres;0,0;0,0;1,0;0,0;2010-08-13 23:39:00
2010;8;14;0;49;Saturday;British English;70;True;long;8;int;4;in;2;error;2;mingw;1;mingw;on;windows;has;trouble;autres;0,111;0,0;0,889;-0,7964;2010-08-14 00:49:00
2010;8;14;4;22;Saturday;British English;58;True;if;2;you;2;try;2;it;2;from;2;aligning;might;tcatm;on;august;autres;0,0;0,147;0,853;0,7783;2010-08-14 04:22:00
2010;8;14;17;55;Saturday;British English;18;True;with;2;got;1;the;1;test;1;working;1;got;the;test;working;on;autres;0,0;0,0;1,0;0,0;2010-08-14 17:55:00
2010;8;14;22;6;Saturday;British English;115;True;b;5;c;5;d;5;x;5;n;5;mingw;never;returnsi;only;got;autres;0,0;0,034;0,966;0,5499;2010-08-14 22:06:00
2010;8;15;3;40;Sunday;British English;137;True;round;6;eax;6;ecx;6;edi;6;edx;6;both;and;i;but;sigsegv;technique;0,043;0,043;0,913;-0,0039;2010-08-15 03:40:00
2010;8;15;15;52;Sunday;British English;77;False;the;3;get;3;switch;2;to;2;it;2;has;as;an;option;turn;autres;0,028;0,077;0,895;0,5983;2010-08-15 15:52:00
2010;8;15;16;37;Sunday;British English;177;True;of;7;to;6;it;5;the;4;a;4;will;gravitate;cheapest;or;help;communauté;0,02;0,114;0,866;0,9261;2010-08-15 16:37:00
2010;8;15;18;11;Sunday;British English;75;True;the;7;on;4;of;3;have;2;been;2;quote;jgarzik;august;pmthe;might;communauté;0,0;0,095;0,905;0,8156;2010-08-15 18:11:00
2010;8;15;18;23;Sunday;British English;35;True;i;3;test;2;to;2;it;2;hope;1;hope;someone;can;an;or;autres;0,083;0,139;0,777;0,2732;2010-08-15 18:23:00
2010;8;15;18;43;Sunday;British English;38;True;i;4;if;2;it;2;do;2;the;2;just;uploaded;a;quick;build;autres;0,0;0,0;1,0;0,0;2010-08-15 18:43:00
2010;8;15;20;59;Sunday;British English;126;True;return;7;error;6;ctransaction;6;if;6;vin;4;preliminary;look;i;have;more;autres;0,033;0,025;0,943;-0,2263;2010-08-15 20:59:00
2010;8;15;21;6;Sunday;British English;59;True;the;5;will;3;it;2;first;2;patch;2;it;would;help;if;people;communauté;0,036;0,044;0,92;0,128;2010-08-15 21:06:00
2010;8;15;21;23;Sunday;British English;37;True;you;3;that;3;it;2;the;2;once;1;once;have;an;could;download;sécurité;0,071;0,097;0,832;0,0202;2010-08-15 21:23:00
2010;8;15;21;40;Sunday;British English;76;True;files;4;to;3;it;3;the;3;is;2;patch;uploaded;svn;rev;recommended;technique;0,083;0,018;0,899;-0,6335;2010-08-15 21:40:00
2010;8;15;22;58;Sunday;British English;191;True;the;10;you;7;it;6;and;6;do;4;update;right;up;somewhat;old;technique;0,043;0,05;0,908;0,5276;2010-08-15 22:58:00
2010;8;15;23;17;Sunday;British English;70;True;the;4;is;4;one;3;from;2;you;2;quote;knightmb;on;august;saw;communauté;0,075;0,183;0,742;0,8655;2010-08-15 23:17:00
2010;8;15;23;36;Sunday;British English;63;True;at;3;it;3;and;3;the;2;links;2;starting;moment;stop;should;start;technique;0,034;0,0;0,966;-0,296;2010-08-15 23:36:00
2010;8;15;23;37;Sunday;British English;83;True;that;4;to;4;this;3;a;3;the;3;quote;joozero;august;pmi;should;technique;0,029;0,031;0,94;0,0258;2010-08-15 23:37:00
2010;8;15;23;48;Sunday;British English;82;False;the;5;block;4;and;3;it;3;chain;3;patches;overflow;linux;includes;that;technique;0,213;0,03;0,757;-0,9509;2010-08-15 23:48:00
2010;8;16;0;28;Monday;British English;64;True;you;4;the;3;to;3;of;3;if;2;i;suspect;some;difficulty;receiving;technique;0,16;0,038;0,802;-0,7717;2010-08-16 00:28:00
2010;8;16;0;37;Monday;British English;34;True;can;3;ip;2;to;2;for;1;now;1;for;some;people;running;with;communauté;0,0;0,065;0,935;0,3182;2010-08-16 00:37:00
2010;8;16;1;0;Monday;British English;125;True;the;12;bad;4;block;4;it;4;chain;4;quote;ground;loop;august;amquestion;technique;0,201;0,024;0,775;-0,9776;2010-08-16 01:00:00
2010;8;16;1;2;Monday;British English;46;True;all;2;is;2;you;2;quote;1;from;1;quote;kosovito;on;august;ami;autres;0,141;0,0;0,859;-0,7236;2010-08-16 01:02:00
2010;8;16;1;12;Monday;British English;112;True;the;6;to;5;bad;5;chain;5;clients;3;quote;trebronics;on;august;ammost;communauté;0,224;0,062;0,714;-0,9738;2010-08-16 01:12:00
2010;8;16;2;16;Monday;British English;54;True;the;4;more;3;already;3;bad;2;chain;2;chain;is;also;slowed;down;autres;0,156;0,0;0,844;-0,836;2010-08-16 02:16:00
2010;8;16;2;38;Monday;British English;54;True;the;3;on;2;to;2;blocks;2;per;2;findstr;looks;like;bad;chain;technique;0,217;0,043;0,74;-0,8442;2010-08-16 02:38:00
2010;8;16;2;57;Monday;British English;161;True;and;5;i;5;the;5;get;4;from;3;quote;tcatm;ami;propose;to;communauté;0,062;0,103;0,835;0,8029;2010-08-16 02:57:00
2010;8;16;3;23;Monday;British English;31;True;sure;2;the;2;same;2;quote;1;from;1;quote;vasiliev;on;august;amtry;autres;0,0;0,137;0,863;0,5574;2010-08-16 03:23:00
2010;8;16;4;36;Monday;British English;49;True;with;3;cpu;2;family;2;intel;2;speedup;2;quote;jgarzik;on;august;genuine;autres;0,0;0,0;1,0;0,0;2010-08-16 04:36:00
2010;8;16;12;59;Monday;British English;55;True;the;4;it;3;bad;2;and;2;block;2;it;looks;like;we;overtook;autres;0,256;0,056;0,688;-0,9286;2010-08-16 12:59:00
2010;8;16;13;38;Monday;British English;9;True;i;1;wrapped;1;in;1;ifdef;1;endif;1;i;wrapped;it;N/A;N/A;autres;0,0;0,0;1,0;0,0;2010-08-16 13:38:00
2010;8;16;15;25;Monday;British English;205;True;the;10;it;8;a;6;to;6;that;5;difficult;need;which;disconnect;invalid;autres;0,158;0,043;0,798;-0,9714;2010-08-16 15:25:00
2010;8;16;15;59;Monday;British English;226;False;the;16;block;15;you;8;blocks;7;it;7;like;displayed;status;bar;by;communauté;0,237;0,106;0,657;-0,987;2010-08-16 15:59:00
2010;8;16;17;6;Monday;British English;5;True;done;1;in;1;svn;1;rev;1;N/A;0;done;in;svn;rev;N/A;autres;0,0;0,0;1,0;0,0;2010-08-16 17:06:00
2010;8;16;17;8;Monday;British English;92;True;the;5;i;4;probably;3;of;3;would;2;quote;satoshi;on;august;pmit;autres;0,145;0,126;0,729;-0,291;2010-08-16 17:08:00
2010;8;16;20;7;Monday;British English;75;False;to;5;a;4;the;4;it;4;we;3;svn;rev;does;basic;check;autres;0,099;0,081;0,821;-0,5267;2010-08-16 20:07:00
2010;8;16;20;20;Monday;British English;74;True;to;7;the;6;it;5;is;3;for;3;there;software;automatically;know;one;technique;0,088;0,099;0,812;0,2263;2010-08-16 20:20:00
2010;8;16;22;54;Monday;British English;108;True;the;8;to;4;transaction;3;so;3;and;3;have;correct;most;of;but;technique;0,149;0,015;0,836;-0,9382;2010-08-16 22:54:00
2010;8;16;23;1;Monday;British English;17;True;the;2;quote;1;from;1;newlibertystandard;1;on;1;quote;newlibertystandard;on;august;pmhow;technique;0,0;0,167;0,833;0,4939;2010-08-16 23:01:00
2010;8;18;16;58;Wednesday;British English;46;True;the;4;is;2;a;2;definitely;1;old;1;old;screenshots;of;are;very;communauté;0,0;0,118;0,882;0,6808;2010-08-18 16:58:00
2010;8;18;18;1;Wednesday;British English;67;True;it;7;the;3;hardware;3;in;3;to;3;performance;numbers;posted;from;via;autres;0,035;0,066;0,899;0,2801;2010-08-18 18:01:00
2010;8;18;18;28;Wednesday;British English;83;True;the;7;back;3;to;3;in;2;i;2;next;svn;only;go;last;technique;0,146;0,054;0,8;-0,8153;2010-08-18 18:28:00
2010;8;19;18;44;Thursday;British English;149;True;is;7;the;5;on;4;a;4;problem;3;quote;biomike;august;amwxwidgets;not;communauté;0,033;0,093;0,874;0,8033;2010-08-19 18:44:00
2010;8;19;18;55;Thursday;British English;19;True;that;1;a;1;really;1;well;1;written;1;a;really;well;written;someone;autres;0,0;0,123;0,877;0,3384;2010-08-19 18:55:00
2010;8;19;19;7;Thursday;British English;103;True;on;8;the;4;i;3;it;3;mac;3;quote;ground;loop;pmany;got;autres;0,0;0,0;1,0;0,0;2010-08-19 19:07:00
2010;8;19;19;40;Thursday;British English;9;True;make;1;sure;1;your;1;computer;1;date;1;make;sure;your;date;and;autres;0,0;0,223;0,777;0,3182;2010-08-19 19:40:00
2010;8;19;20;14;Thursday;British English;92;False;it;7;not;4;to;4;as;3;sure;2;what;call;but;could;use;technique;0,072;0,059;0,869;-0,0667;2010-08-19 20:14:00
2010;8;19;20;28;Thursday;British English;82;True;to;5;the;5;your;4;you;3;transactions;3;need;be;for;any;node;technique;0,031;0,078;0,891;0,4703;2010-08-19 20:28:00
2010;8;22;22;51;Sunday;British English;28;True;the;2;clock;2;part;1;will;1;be;1;part;will;be;covered;in;autres;0,0;0,0;1,0;0,0;2010-08-22 22:51:00
2010;8;22;23;1;Sunday;British English;73;True;for;3;is;3;if;2;you;2;any;2;search;find;then;check;any;technique;0,033;0,029;0,938;-0,0772;2010-08-22 23:01:00
2010;8;22;23;21;Sunday;British English;56;True;the;4;for;3;that;3;i;2;amd;2;thanks;clearing;read;link;someone;autres;0,049;0,101;0,851;0,4588;2010-08-22 23:21:00
2010;8;22;23;55;Sunday;British English;130;False;the;9;alert;5;a;4;are;3;to;3;been;working;writing;alerts;broadcast;technique;0,062;0,143;0,795;0,891;2010-08-22 23:55:00
2010;8;22;23;57;Sunday;British English;28;True;i;2;on;2;hey;1;zooko;1;wanted;1;hey;wanted;to;thank;you;technique;0,0;0,1;0,9;0,4199;2010-08-22 23:57:00
2010;8;24;22;43;Tuesday;British English;39;True;hyperthreading;2;quote;1;from;1;artforz;1;on;1;quote;artforz;on;august;pmamd;autres;0,0;0,07;0,93;0,4019;2010-08-24 22:43:00
2010;8;24;23;51;Tuesday;British English;80;True;you;6;if;4;the;4;that;3;and;3;so;getting;hysterical;over;then;autres;0,147;0,114;0,739;-0,4647;2010-08-24 23:51:00
2010;8;25;0;6;Wednesday;British English;9;True;this;1;is;1;in;1;svn;1;rev;1;this;is;in;svn;rev;autres;0,0;0,0;1,0;0,0;2010-08-25 00:06:00
2010;8;25;15;17;Wednesday;British English;177;True;the;9;you;6;your;5;if;4;be;4;arbitrary;actions;maybe;are;responding;économie;0,068;0,137;0,794;0,8912;2010-08-25 15:17:00
2010;8;25;16;40;Wednesday;British English;7;True;i;1;changed;1;the;1;switch;1;name;1;i;changed;the;switch;name;autres;0,0;0,0;1,0;0,0;2010-08-25 16:40:00
2010;8;25;16;56;Wednesday;British English;226;True;the;13;is;6;can;6;and;6;from;5;jimbobway;pmquote;i;button;easier;technique;0,031;0,056;0,912;0,7059;2010-08-25 16:56:00
2010;8;25;17;59;Wednesday;British English;173;True;be;5;from;4;on;4;is;4;or;4;quote;nelisky;amso;what;kind;technique;0,079;0,042;0,879;-0,7811;2010-08-25 17:59:00
2010;8;26;0;8;Thursday;British English;116;True;from;4;this;4;on;3;august;3;is;3;quote;theoretical;first;control;system;technique;0,055;0,0;0,945;-0,755;2010-08-26 00:08:00
2010;8;26;0;33;Thursday;British English;166;True;it;7;the;5;to;5;what;4;does;4;can;provide;more;details;about;technique;0,029;0,064;0,907;0,7149;2010-08-26 00:33:00
2010;8;26;0;44;Thursday;British English;65;True;a;4;to;4;backup;3;be;2;until;2;any;would;just;stopgap;time;technique;0,074;0,108;0,818;0,3182;2010-08-26 00:44:00
2010;8;26;0;57;Thursday;British English;118;True;a;8;the;7;to;5;be;4;it;4;i;started;posting;other;topic;technique;0,065;0,034;0,901;-0,5588;2010-08-26 00:57:00
2010;8;27;0;49;Friday;British English;194;True;it;12;the;7;there;5;was;5;with;4;try;tried;immediate;hollering;about;communauté;0,108;0,039;0,853;-0,9342;2010-08-27 00:49:00
2010;8;27;1;13;Friday;British English;110;True;it;8;for;5;to;5;from;4;boost;4;read;into;write;could;fail;autres;0,028;0,179;0,793;0,9489;2010-08-27 01:13:00
2010;8;27;2;54;Friday;British English;102;True;a;5;i;4;it;4;from;3;already;3;doubt;rather;call;existing;file;autres;0,026;0,0;0,974;-0,3612;2010-08-27 02:54:00
2010;8;27;15;47;Friday;British English;113;True;i;5;and;4;to;4;a;3;of;3;so;busy;lately;skimming;messages;autres;0,086;0,074;0,84;0,1368;2010-08-27 15:47:00
2010;8;27;16;13;Friday;British English;24;True;of;2;blocks;2;day;2;that;1;kind;1;kind;interesting;as;an;bar;autres;0,14;0,088;0,772;-0,101;2010-08-27 16:13:00
2010;8;27;16;39;Friday;British English;18;True;dividend;2;or;2;like;2;a;2;bitcoins;1;bitcoins;have;no;dividend;potential;autres;0,331;0,0;0,669;-0,6619;2010-08-27 16:39:00
2010;8;27;17;32;Friday;British English;204;True;the;8;value;6;as;5;a;5;scarce;4;thought;imagine;was;base;metal;économie;0,085;0,193;0,722;0,9781;2010-08-27 17:32:00
2010;8;27;21;54;Friday;British English;194;False;to;10;the;7;a;7;alert;6;can;5;now;some;checking;built;code;technique;0,072;0,157;0,772;0,8619;2010-08-27 21:54:00
2010;8;28;14;27;Saturday;British English;24;True;only;2;one;2;it;2;the;1;simplification;1;the;simplification;is;there;will;autres;0,0;0,0;1,0;0,0;2010-08-28 14:27:00
2010;8;28;14;54;Saturday;British English;94;True;the;6;on;3;and;3;is;3;be;3;quote;torservers;pmthe;dialog;shows;communauté;0,0;0,032;0,968;0,4588;2010-08-28 14:54:00
2010;8;29;22;14;Sunday;British English;56;True;the;4;to;3;code;2;of;2;is;2;code;assumes;throughout;and;was;technique;0,029;0,0;0,971;-0,1695;2010-08-29 22:14:00
2010;9;5;23;25;Sunday;British English;62;True;it;5;the;4;if;3;and;3;probably;2;you;can;just;comment;out;autres;0,102;0,072;0,826;-0,25;2010-09-05 23:25:00
2010;9;5;23;36;Sunday;British English;76;True;the;7;to;5;system;3;for;2;this;2;any;suggestions;better;text;put;communauté;0,073;0,067;0,86;0,1474;2010-09-05 23:36:00
2010;9;6;21;21;Monday;British English;135;True;the;8;error;5;it;5;is;4;in;4;more;although;format;of;did;technique;0,094;0,035;0,871;-0,8176;2010-09-06 21:21:00
2010;9;6;21;41;Monday;British English;57;True;from;2;on;2;september;2;for;2;to;2;quote;insti;pmquote;satoshi;pmany;technique;0,099;0,046;0,855;-0,5147;2010-09-06 21:41:00
2010;9;6;21;45;Monday;British English;8;True;rpc;1;backupwallet;1;destination;1;is;1;in;1;rpc;backupwallet;is;in;svn;autres;0,0;0,0;1,0;0,0;2010-09-06 21:45:00
2010;9;6;21;52;Monday;British English;20;True;can;1;you;1;build;1;try;1;changing;1;can;you;changing;line;of;autres;0,0;0,0;1,0;0,0;2010-09-06 21:52:00
2010;9;7;16;32;Tuesday;British English;64;True;free;3;transactions;3;should;3;the;2;of;2;another;option;is;to;reduce;technique;0,104;0,17;0,726;0,6249;2010-09-07 16:32:00
2010;9;7;19;17;Tuesday;British English;106;False;to;6;is;4;the;4;a;3;error;3;version;now;errors;return;more;technique;0,128;0,0;0,872;-0,9249;2010-09-07 19:17:00
2010;9;8;17;30;Wednesday;British English;230;True;the;12;it;10;per;9;a;8;to;7;paying;fee;controlled;very;easy;technique;0,123;0,12;0,757;0,0679;2010-09-08 17:30:00
2010;9;8;18;6;Wednesday;British English;70;True;transactions;6;that;3;to;3;the;3;only;2;bitcoin;clients;currently;create;and;technique;0,0;0,13;0,87;0,8271;2010-09-08 18:06:00
2010;9;8;20;27;Wednesday;British English;114;True;i;5;a;3;have;3;to;3;you;2;quote;bitlex;on;september;pmamd;autres;0,0;0,101;0,899;0,9125;2010-09-08 20:27:00
2010;9;9;1;4;Thursday;British English;227;False;model;8;to;7;with;6;family;6;i;6;svn;rev;has;code;try;autres;0,03;0,058;0,912;0,6569;2010-09-09 01:04:00
2010;9;10;0;23;Friday;British English;85;True;it;5;the;3;you;3;by;3;a;3;what;version;one;where;this;technique;0,112;0,033;0,855;-0,8385;2010-09-10 00:23:00
2010;9;10;0;46;Friday;British English;98;True;i;5;the;5;to;5;you;4;think;3;know;what;doubleclick;on;it;technique;0,056;0,068;0,876;0,0516;2010-09-10 00:46:00
2010;9;10;17;12;Friday;British English;21;True;the;1;fix;1;is;1;in;1;svn;1;the;fix;is;in;svn;autres;0,091;0,0;0,909;-0,25;2010-09-10 17:12:00
2010;9;10;18;11;Friday;British English;45;True;on;3;the;2;function;2;it;2;in;2;quote;teknohog;september;pmsince;callcpuid;autres;0,0;0,0;1,0;0,0;2010-09-10 18:11:00
2010;9;12;17;40;Sunday;British English;73;True;the;5;it;4;does;3;exclusive;3;open;2;quote;lachesis;on;august;bitcoin;technique;0,094;0,033;0,873;-0,7724;2010-09-12 17:40:00
2010;9;12;18;0;Sunday;British English;98;True;it;5;the;5;to;3;on;3;files;3;trying;without;flag;in;rev;communauté;0,0;0,022;0,978;0,2732;2010-09-12 18:00:00
2010;9;12;19;24;Sunday;British English;82;True;is;6;the;5;a;5;library;3;then;3;if;closed;an;open;source;autres;0,063;0,114;0,824;0,6597;2010-09-12 19:24:00
2010;9;19;17;22;Sunday;British English;94;True;it;7;the;4;between;3;and;3;is;3;bouncing;connections;could;if;connecting;autres;0,033;0,0;0,967;-0,4445;2010-09-19 17:22:00
2010;9;19;18;46;Sunday;British English;219;True;it;9;extern;7;to;7;and;5;the;4;lines;tripping;mapaddressbook;ccriticalsection;vchdefaultkey;technique;0,07;0,095;0,835;0,6133;2010-09-19 18:46:00
2010;9;19;19;58;Sunday;British English;135;True;the;8;a;6;i;5;we;4;to;4;know;anything;any;would;make;technique;0,036;0,119;0,845;0,8635;2010-09-19 19:58:00
2010;9;19;21;49;Sunday;British English;207;True;to;10;the;8;a;6;by;4;ip;4;probably;best;disable;receiving;unless;technique;0,082;0,075;0,843;-0,1719;2010-09-19 21:49:00
2010;9;19;22;47;Sunday;British English;13;True;theymos;1;already;1;said;1;this;1;ecdsa;1;theymos;already;said;ecdsa;does;communauté;0,158;0,0;0,842;-0,3089;2010-09-19 22:47:00
2010;9;23;16;8;Thursday;British English;176;True;transactions;7;the;7;it;6;be;5;to;5;quote;satoshi;on;september;pmthe;technique;0,063;0,039;0,897;-0,6597;2010-09-23 16:08:00
2010;9;23;16;19;Thursday;British English;71;False;the;7;to;4;in;3;number;3;be;3;next;release;going;change;format;autres;0,079;0,054;0,868;-0,5859;2010-09-23 16:19:00
2010;9;23;16;28;Thursday;British English;88;True;the;6;we;4;to;3;an;3;do;2;i;are;you;under;impression;sécurité;0,0;0,055;0,945;0,6007;2010-09-23 16:28:00
2010;9;23;17;56;Thursday;British English;46;True;do;4;or;3;to;3;the;3;have;2;bitcoin;would;be;convenient;for;technique;0,189;0,026;0,785;-0,7241;2010-09-23 17:56:00
2010;9;23;18;39;Thursday;British English;41;True;the;3;it;2;i;1;would;1;not;1;i;would;not;encourage;using;autres;0,045;0,0;0,955;-0,2146;2010-09-23 18:39:00
2010;9;23;18;46;Thursday;British English;14;True;i;1;do;1;think;1;it;1;should;1;i;think;it;should;cause;autres;0,197;0,0;0,803;-0,4019;2010-09-23 18:46:00
2010;9;26;17;34;Sunday;British English;94;True;the;8;it;4;a;4;but;3;that;3;implemented;network;can;support;transaction;technique;0,168;0,181;0,651;0,1451;2010-09-26 17:34:00
2010;9;30;16;38;Thursday;British English;219;True;you;8;to;8;the;6;transactions;6;is;4;figured;root;problem;we;least;technique;0,03;0,109;0,861;0,9615;2010-09-30 16:38:00
2010;9;30;16;59;Thursday;British English;5;True;release;1;candidate;1;please;1;test;1;http;1;release;please;N/A;N/A;N/A;technique;0,0;0,365;0,635;0,3182;2010-09-30 16:59:00
2010;9;30;17;4;Thursday;British English;78;False;to;4;on;3;from;2;accept;2;release;1;release;be;released;soon;so;technique;0,031;0,142;0,827;0,8172;2010-09-30 17:04:00
2010;9;30;17;50;Thursday;British English;134;True;a;6;is;5;it;4;article;4;that;4;you;think;very;single;words;technique;0,036;0,058;0,906;0,4404;2010-09-30 17:50:00
2010;9;30;18;11;Thursday;British English;67;True;the;6;up;3;to;3;it;2;a;2;ramps;fee;requirement;as;block;économie;0,042;0,046;0,912;0,0772;2010-09-30 18:11:00
2010;9;30;18;22;Thursday;British English;21;True;it;2;to;2;true;1;the;1;switch;1;the;switch;should;be;something;autres;0,0;0,231;0,769;0,6901;2010-09-30 18:22:00
2010;9;30;18;27;Thursday;British English;31;True;it;2;if;2;you;2;can;1;be;1;can;be;safe;using;over;technique;0,0;0,162;0,838;0,6597;2010-09-30 18:27:00
2010;10;1;0;32;Friday;British English;17;True;to;3;too;1;late;1;for;1;but;1;too;late;for;but;try;autres;0,0;0,0;1,0;0,0;2010-10-01 00:32:00
2010;10;1;0;34;Friday;British English;174;False;the;6;you;5;to;4;with;4;if;4;now;should;upgrade;prevent;potential;technique;0,039;0,108;0,854;0,8988;2010-10-01 00:34:00
2010;10;3;18;17;Sunday;British English;95;True;amd;5;the;4;on;3;have;3;to;3;quote;shadowofharbringer;october;however;automatic;communauté;0,027;0,113;0,861;0,8638;2010-10-03 18:17:00
2010;10;3;19;39;Sunday;British English;89;True;the;5;a;3;to;3;if;3;transactions;2;could;few;people;please;run;technique;0,107;0,152;0,741;0,5574;2010-10-03 19:39:00
2010;10;3;19;49;Sunday;British English;15;True;quote;1;from;1;tcatm;1;on;1;october;1;quote;tcatm;on;october;what;autres;0,0;0,0;1,0;0,0;2010-10-03 19:49:00
2010;10;3;20;2;Sunday;British English;195;True;if;7;nminfee;5;const;5;oct;4;nbestheight;4;amd;reports;a;lower;model;technique;0,031;0,045;0,924;0,3365;2010-10-03 20:02:00
2010;10;3;20;54;Sunday;British English;264;True;a;11;the;10;transactions;10;you;8;on;6;quote;pmartforz;no;he;cpu;technique;0,103;0,029;0,868;-0,9633;2010-10-03 20:54:00
2010;10;3;21;7;Sunday;British English;48;True;theymos;2;this;2;patch;2;make;2;you;2;quote;theymos;on;october;pmapplying;technique;0,0;0,0;1,0;0,0;2010-10-03 21:07:00
2010;10;3;21;30;Sunday;British English;201;True;the;14;of;10;it;7;block;5;is;5;quote;theymos;amquote;lzsaver;amcan;technique;0,143;0,017;0,84;-0,9769;2010-10-03 21:30:00
2010;10;3;21;43;Sunday;British English;51;True;with;4;is;3;i;3;yours;2;faster;2;thinking;supports;has;specialbuild;version;autres;0,0;0,051;0,949;0,3612;2010-10-03 21:43:00
2010;10;3;22;7;Sunday;British English;97;True;to;10;it;5;be;3;the;3;you;2;connecting;all;connection;attempts;were;technique;0,042;0,017;0,941;-0,5423;2010-10-03 22:07:00
2010;10;3;23;46;Sunday;British English;21;True;it;3;keep;2;make;1;sure;1;you;1;make;sure;you;your;node;technique;0,0;0,103;0,897;0,3182;2010-10-03 23:46:00
2010;10;4;1;44;Monday;British English;9;True;thanks;1;eurekafag;1;russian;1;translation;1;added;1;thanks;russian;translation;added;to;autres;0,0;0,266;0,734;0,4404;2010-10-04 01:44:00
2010;10;4;19;21;Monday;British English;148;True;the;6;it;6;from;5;i;4;file;4;quote;eurekafag;october;amwhere;can;technique;0,093;0,048;0,859;-0,8381;2010-10-04 19:21:00
2010;10;4;19;48;Monday;British English;64;True;it;3;can;3;versions;3;the;3;to;3;be;phased;largerlimitit;start;being;autres;0,085;0,122;0,793;-0,128;2010-10-04 19:48:00
2010;10;6;15;42;Wednesday;British English;69;True;it;6;the;4;drive;3;in;2;a;2;poedit;reorganised;file;for;some;technique;0,03;0,063;0,907;0,3112;2010-10-06 15:42:00
2010;10;6;16;54;Wednesday;British English;99;True;a;6;be;4;if;4;you;4;to;3;going;more;selectcoins;rev;has;technique;0,044;0,08;0,876;0,5574;2010-10-06 16:54:00
2010;10;6;17;36;Wednesday;British English;112;True;to;8;it;7;the;6;for;4;irc;3;maybe;were;just;unlucky;have;technique;0,03;0,015;0,955;-0,1668;2010-10-06 17:36:00
2010;10;6;23;10;Wednesday;British English;88;True;a;4;and;3;host;3;it;3;on;2;quote;kiba;september;download;site;technique;0,043;0,121;0,835;0,802;2010-10-06 23:10:00
2010;10;9;20;19;Saturday;British English;125;False;the;6;you;4;it;4;to;4;pool;3;svn;rev;has;key;new;technique;0,01;0,053;0,937;0,6501;2010-10-09 20:19:00
2010;10;21;16;39;Thursday;British English;33;False;for;2;version;1;is;1;now;1;availablehttp;1;version;is;now;key;pool;technique;0,0;0,08;0,92;0,4215;2010-10-21 16:39:00
2010;10;21;22;50;Thursday;British English;125;True;the;9;it;5;by;4;order;3;to;3;me;maintaining;if;jumbles;file;autres;0,058;0,046;0,896;-0,5505;2010-10-21 22:50:00
2010;10;23;18;22;Saturday;British English;128;True;it;5;to;4;the;4;block;3;was;3;quote;theymos;pmhis;count;remains;sécurité;0,157;0,099;0,744;-0,8151;2010-10-23 18:22:00
2010;10;23;18;38;Saturday;British English;54;True;that;3;if;2;get;2;past;2;or;2;it;really;block;on;then;technique;0,0;0,096;0,904;0,653;2010-10-23 18:38:00
2010;10;23;18;52;Saturday;British English;55;True;it;3;on;2;is;2;that;2;quote;1;quote;odin;october;pmfault;module;autres;0,0;0,131;0,869;0,7603;2010-10-23 18:52:00
2010;10;23;19;2;Saturday;British English;70;True;be;6;to;6;messages;4;the;4;would;2;ecdsa;encrypt;only;sign;unwise;technique;0,083;0,0;0,917;-0,7184;2010-10-23 19:02:00
2010;10;24;19;17;Sunday;British English;139;True;the;5;it;5;account;5;a;5;i;4;have;beginning;mostly;gavin;more;communauté;0,0;0,087;0,913;0,8992;2010-10-24 19:17:00
2010;10;25;16;53;Monday;British English;61;True;username;5;of;2;you;2;the;2;account;2;some;pseudocode;how;would;use;économie;0,0;0,044;0,956;0,3182;2010-10-25 16:53:00
2010;10;25;17;27;Monday;British English;80;True;the;4;you;4;it;4;i;3;of;3;only;think;to;if;there;autres;0,0;0,121;0,879;0,8765;2010-10-25 17:27:00
2010;11;13;0;55;Saturday;British English;62;True;the;3;for;3;i;2;if;2;to;2;happy;someone;with;artistic;skill;autres;0,0;0,165;0,835;0,872;2010-11-13 00:55:00
2010;11;13;23;25;Saturday;British English;126;True;the;8;priority;5;you;4;over;4;to;3;thank;limiting;tests;combines;several;communauté;0,024;0,097;0,879;0,8176;2010-11-13 23:25:00
2010;11;13;23;26;Saturday;British English;63;False;is;2;now;2;paytxfee;2;it;2;version;1;version;switch;per;so;adds;autres;0,026;0,072;0,902;0,4599;2010-11-13 23:26:00
2010;11;14;16;53;Sunday;British English;202;True;the;10;to;7;priority;7;you;5;your;4;quote;bytecoin;november;pmof;network;technique;0,02;0,048;0,932;0,5764;2010-11-14 16:53:00
2010;11;15;18;37;Monday;British English;135;True;the;12;be;6;it;6;to;4;in;3;we;safely;do;event;block;technique;0,063;0,026;0,912;-0,2721;2010-11-15 18:37:00
2010;11;19;23;50;Friday;British English;393;True;a;14;to;13;transactions;12;the;11;that;11;quote;creighto;pmperhaps;addition;recently;technique;0,044;0,135;0,821;0,9888;2010-11-19 23:50:00
2010;11;20;17;24;Saturday;British English;137;True;the;8;on;5;to;5;svn;3;transaction;3;quote;amupdated;for;keeping;up;technique;0,092;0,108;0,8;0,3786;2010-11-20 17:24:00
2010;11;23;19;50;Tuesday;British English;220;False;the;12;data;12;to;7;is;7;and;6;uploaded;redesign;svn;rev;external;technique;0,071;0,04;0,889;-0,7106;2010-11-23 19:50:00
2010;11;23;20;55;Tuesday;British English;41;True;the;3;it;2;to;2;interface;2;a;2;not;an;exact;i;wanted;autres;0,0;0,068;0,932;0,4019;2010-11-23 20:55:00
2010;11;24;17;21;Wednesday;British English;247;True;it;10;and;9;the;8;to;8;data;6;quote;jgarzik;ami;suspect;something;technique;0,034;0,044;0,922;0,363;2010-11-24 17:21:00
2010;11;24;17;53;Wednesday;British English;23;True;a;2;the;2;to;2;revised;1;version;1;revised;version;of;getwork;is;autres;0,0;0,0;1,0;0,0;2010-11-24 17:53:00
2010;11;25;17;51;Thursday;British English;132;True;the;9;it;5;and;5;is;5;you;4;not;downloading;that;takes;more;technique;0,067;0,097;0,835;0,6655;2010-11-25 17:51:00
2010;11;25;20;7;Thursday;British English;73;False;transaction;4;was;3;fee;2;setting;2;in;2;version;is;now;new;thanks;technique;0,0;0,117;0,883;0,8442;2010-11-25 20:07:00
2010;11;26;17;32;Friday;British English;266;True;the;13;it;12;is;8;to;8;a;6;i;tested;year;old;where;technique;0,046;0,062;0,892;0,5267;2010-11-26 17:32:00
2010;11;26;18;23;Friday;British English;26;True;i;2;him;2;to;2;do;2;laszlo;1;laszlo;does;but;i;asked;autres;0,0;0,0;1,0;0,0;2010-11-26 18:23:00
2010;11;26;21;31;Friday;British English;7;True;it;2;that;1;what;1;does;1;returns;1;what;returns;N/A;N/A;N/A;autres;0,0;0,0;1,0;0,0;2010-11-26 21:31:00
2010;11;26;22;2;Friday;British English;89;True;it;8;to;5;in;4;you;3;a;3;should;try;sha;compiles;fine;technique;0,0;0,088;0,912;0,775;2010-11-26 22:02:00
2010;11;28;16;3;Sunday;British English;239;True;the;18;to;6;a;6;be;5;and;5;description;spot;operators;modify;getwork;communauté;0,073;0,111;0,817;0,7906;2010-11-28 16:03:00
2010;11;28;17;13;Sunday;British English;352;True;the;17;is;11;it;10;download;9;that;8;despite;everything;else;step;experiment;technique;0,079;0,03;0,891;-0,9303;2010-11-28 17:13:00
2010;11;28;18;6;Sunday;British English;97;True;to;4;it;3;is;3;or;3;not;2;quotewill;be;synchronized;much;using;technique;0,096;0,086;0,817;-0,2533;2010-11-28 18:06:00
2010;11;29;20;19;Monday;British English;291;True;to;10;the;10;database;8;it;7;is;7;inclined;everything;wrong;than;actually;technique;0,046;0,09;0,863;0,9031;2010-11-29 20:19:00
2010;11;30;19;2;Tuesday;British English;120;True;nnumber;8;if;6;straccount;4;sskey;4;naccountingentrynumber;4;what;was;this;wallet;used;technique;0,0;0,0;1,0;0,0;2010-11-30 19:02:00
2010;12;1;21;25;Wednesday;British English;46;True;that;2;a;2;i;2;good;1;optimisation;1;a;good;add;that;next;technique;0,0;0,121;0,879;0,6705;2010-12-01 21:25:00
2010;12;5;9;8;Sunday;British English;91;True;to;7;on;3;bring;3;the;3;would;3;quote;rhorning;on;december;encourage;technique;0,057;0,062;0,88;0,128;2010-12-05 09:08:00
2010;12;8;20;21;Wednesday;British English;239;True;to;10;you;8;a;7;it;6;transactions;6;safe;been;criticized;being;reluctant;technique;0,043;0,087;0,87;0,9193;2010-12-08 20:21:00
2010;12;8;22;36;Wednesday;British English;15;True;you;2;the;2;then;1;how;1;do;1;then;how;do;cope;with;autres;0,0;0,0;1,0;0,0;2010-12-08 22:36:00
2010;12;8;23;19;Wednesday;British English;59;False;a;2;to;2;in;2;the;2;changes;1;fixed;compatibility;problem;if;you;technique;0,119;0,041;0,84;-0,5994;2010-12-08 23:19:00
2010;12;9;0;12;Thursday;British English;247;True;to;11;the;9;a;8;you;7;it;6;normal;risk;minconf;additional;pitfalls;technique;0,028;0,054;0,917;0,7632;2010-12-09 00:12:00
2010;12;9;14;37;Thursday;British English;211;True;a;9;to;9;the;9;be;7;of;5;templates;added;within;few;plenty;technique;0,06;0,054;0,886;-0,6301;2010-12-09 14:37:00
2010;12;9;15;17;Thursday;British English;95;True;to;4;it;4;transaction;3;can;3;i;2;came;agree;with;gavin;about;technique;0,046;0,093;0,861;0,558;2010-12-09 15:17:00
2010;12;9;18;8;Thursday;British English;159;True;the;9;that;6;to;6;have;4;from;3;quote;ami;agree;you;satoshi;communauté;0,071;0,136;0,793;0,8903;2010-12-09 18:08:00
2010;12;9;18;28;Thursday;British English;59;True;it;4;this;3;there;2;of;2;build;2;thanks;for;setting;up;any;autres;0,019;0,103;0,877;0,6322;2010-12-09 18:28:00
2010;12;9;21;2;Thursday;British English;192;True;networks;8;would;7;to;7;a;7;the;7;i;possible;completely;block;yet;technique;0,055;0,118;0,828;0,875;2010-12-09 21:02:00
2010;12;9;22;46;Thursday;British English;292;True;the;16;to;10;a;8;and;7;bitdns;7;quote;nanotube;december;pmseems;miner;technique;0,071;0,085;0,844;-0,105;2010-12-09 22:46:00
2010;12;9;23;58;Thursday;British English;187;True;the;19;a;8;to;7;transaction;6;and;4;possible;design;for;far;intentionally;technique;0,051;0,052;0,897;0,0333;2010-12-09 23:58:00
2010;12;10;17;29;Friday;British English;170;True;the;11;to;7;users;5;of;4;both;4;piling;every;quorum;system;world;technique;0,031;0,082;0,888;0,8816;2010-12-10 17:29:00
2010;12;10;19;21;Friday;British English;73;False;username;6;to;4;the;2;your;2;account;2;some;sample;pseudocode;using;new;économie;0,0;0,017;0,983;0,0258;2010-12-10 19:21:00
2010;12;10;19;55;Friday;British English;210;True;to;10;the;9;would;6;domain;6;of;4;quote;hal;december;pmadditional;chains;communauté;0,031;0,117;0,852;0,9615;2010-12-10 19:55:00
2010;12;10;20;19;Friday;British English;65;True;the;4;a;4;of;4;that;3;to;2;i;all;ip;should;have;juridique;0,024;0,113;0,863;0,5719;2010-12-10 20:19:00
2010;12;11;13;8;Saturday;British English;110;True;the;4;network;3;cpu;3;power;3;do;2;all;excellent;ip;records;need;technique;0,06;0,145;0,795;0,8492;2010-12-11 13:08:00
2010;12;11;13;32;Saturday;British English;87;True;to;4;it;4;on;3;no;3;from;2;quote;amdirect;ip;address;transfers;sécurité;0,1;0,082;0,819;-0,1796;2010-12-11 13:32:00
2010;12;11;22;7;Saturday;British English;59;True;from;2;hal;2;like;2;to;2;some;2;quote;hal;on;december;hear;autres;0,028;0,243;0,729;0,93;2010-12-11 22:07:00
2010;12;11;23;39;Saturday;British English;26;True;the;2;it;1;would;1;have;1;been;1;it;would;have;been;nice;autres;0,0;0,101;0,899;0,4215;2010-12-11 23:39:00
2010;12;12;18;22;Sunday;British English;155;False;a;5;it;5;the;5;to;4;i;4;work;do;on;doing;quick;technique;0,071;0,12;0,808;0,8126;2010-12-12 18:22:00
2014;3;7;1;17;Friday;British English;5;False;i;1;am;1;not;1;dorian;1;nakamoto;1;i;am;not;dorian;N/A;autres;0,0;0,0;1,0;0,0;2014-03-07 01:17:00
